FileName,TotalCopies,Size_Bytes,ContentVersions,Path1,Path2,Path3,Path4,Path5
.gitattributes,2,66,2,".gitattributes","MICRO HYDRO NEW\MicroHydroV1\.gitattributes"
.gitkeep,7,0,1,"MICRO HYDRO NEW\MicroHydroV1\archive\.gitkeep","MICRO HYDRO NEW\MicroHydroV1\cad\exports\.gitkeep","MICRO HYDRO NEW\MicroHydroV1\tests\processed\.gitkeep","MICRO HYDRO NEW\MicroHydroV1\tests\raw\.gitkeep","MICRO HYDRO NEW\MicroHydroV1\tests\results\drawings\.gitkeep","MICRO HYDRO NEW\MicroHydroV1\tests\results\summary\.gitkeep","MICRO HYDRO NEW\MicroHydroV1\workspace\.gitkeep"
apply_optimized_params.py,2,2016,1,"MICRO HYDRO NEW\MicroHydroV1 — SoT\MicroHydroV1\tools\cad\apply_optimized_params.py","MicroHydroV1_Work\MasterIntegrated_Output\02_Canonical_Working_Tree\MicroHydroV1\tools\cad\apply_optimized_params.py"
architecture_diagram.png,6,1864434,1,"MICRO HYDRO NEW\MicroHydroV1 — SoT\MicroHydroV1\docs\architecture_diagram.png","MICRO HYDRO NEW\MicroHydroV1 — SoT\MicroHydroV1_BACKUP_20260122_005746\docs\architecture_diagram.png","MicroHydroV1 — SoT\MicroHydroV1\docs\architecture_diagram.png","MicroHydroV1_Work\MasterIntegrated_Output\01_SharePoint_Libraries\MicroHydroV1 — SoT\MicroHydroV1\docs\architecture_diagram.png","MicroHydroV1_Work\MasterIntegrated_Output\02_Canonical_Working_Tree\MicroHydroV1\docs\architecture_diagram.png","MicroHydroV1_Work\MasterIntegrated_Output\_stage\top\MicroHydroV1 ΓÇö SoT\MicroHydroV1\docs\architecture_diagram.png"
autofill_evidence_doc.py,14,12743,3,"MICRO HYDRO NEW\MicroHydroV1 — SoT\MicroHydroV1\docs\addons\MicroHydroV1_RUN3_AutoFill_Evidence_PLUS_Workbook_v0.3.0\MicroHydroV1\tools\workflow\autofill_evidence_doc.py","MICRO HYDRO NEW\MicroHydroV1 — SoT\MicroHydroV1\docs\addons\MicroHydroV1_RUN3_AutoFill_Evidence_RUNID_BASELINE_v0.3.0\MicroHydroV1\tools\workflow\autofill_evidence_doc.py","MICRO HYDRO NEW\MicroHydroV1 — SoT\MicroHydroV1\tools\workflow\autofill_evidence_doc.py","MICRO HYDRO NEW\MicroHydroV1 — SoT\MicroHydroV1_BACKUP_20260122_005746\MicroHydroV1_RUN3_AutoFill_Evidence_PLUS_Workbook_v0.3.0\MicroHydroV1\tools\workflow\autofill_evidence_doc.py","MICRO HYDRO NEW\MicroHydroV1 — SoT\MicroHydroV1_BACKUP_20260122_005746\MicroHydroV1_RUN3_AutoFill_Evidence_RUNID_BASELINE_v0.3.0\MicroHydroV1\tools\workflow\autofill_evidence_doc.py","MicroHydroV1 — SoT\MicroHydroV1\MicroHydroV1_RUN3_AutoFill_Evidence_PLUS_Workbook_v0.3.0\MicroHydroV1\tools\workflow\autofill_evidence_doc.py","MicroHydroV1 — SoT\MicroHydroV1\MicroHydroV1_RUN3_AutoFill_Evidence_RUNID_BASELINE_v0.3.0\MicroHydroV1\tools\workflow\autofill_evidence_doc.py","MicroHydroV1_Work\MasterIntegrated_Output\01_SharePoint_Libraries\MicroHydroV1 — SoT\MicroHydroV1\MicroHydroV1_RUN3_AutoFill_Evidence_PLUS_Workbook_v0.3.0\MicroHydroV1\tools\workflow\autofill_evidence_doc.py","MicroHydroV1_Work\MasterIntegrated_Output\01_SharePoint_Libraries\MicroHydroV1 — SoT\MicroHydroV1\MicroHydroV1_RUN3_AutoFill_Evidence_RUNID_BASELINE_v0.3.0\MicroHydroV1\tools\workflow\autofill_evidence_doc.py","MicroHydroV1_Work\MasterIntegrated_Output\02_Canonical_Working_Tree\MicroHydroV1\MicroHydroV1_RUN3_AutoFill_Evidence_PLUS_Workbook_v0.3.0\MicroHydroV1\tools\workflow\autofill_evidence_doc.py","MicroHydroV1_Work\MasterIntegrated_Output\02_Canonical_Working_Tree\MicroHydroV1\MicroHydroV1_RUN3_AutoFill_Evidence_RUNID_BASELINE_v0.3.0\MicroHydroV1\tools\workflow\autofill_evidence_doc.py","MicroHydroV1_Work\MasterIntegrated_Output\02_Canonical_Working_Tree\MicroHydroV1\tools\workflow\autofill_evidence_doc.py","MicroHydroV1_Work\MasterIntegrated_Output\_stage\top\MicroHydroV1 ΓÇö SoT\MicroHydroV1\MicroHydroV1_RUN3_AutoFill_Evidence_PLUS_Workbook_v0.3.0\MicroHydroV1\tools\workflow\autofill_evidence_doc.py","MicroHydroV1_Work\MasterIntegrated_Output\_stage\top\MicroHydroV1 ΓÇö SoT\MicroHydroV1\MicroHydroV1_RUN3_AutoFill_Evidence_RUNID_BASELINE_v0.3.0\MicroHydroV1\tools\workflow\autofill_evidence_doc.py"
Bench_Test_Results_Summary.docx,2,13198,1,"MICRO HYDRO NEW\MICRO HYDRO - OLD\RnD\MASTER_PRODUCTION_PACKAGE\New Folder With Items\11_Bench_Test_Pack\Bench_Test_Results_Summary.docx","MICRO HYDRO NEW\MICRO HYDRO - OLD\RnD\MASTER_PRODUCTION_PACKAGE 2\11_Bench_Test_Pack\Bench_Test_Results_Summary.docx"
Bench_Test_Tracker.xlsx,2,8459,1,"MICRO HYDRO NEW\MICRO HYDRO - OLD\RnD\MASTER_PRODUCTION_PACKAGE\New Folder With Items\11_Bench_Test_Pack\Bench_Test_Tracker.xlsx","MICRO HYDRO NEW\MICRO HYDRO - OLD\RnD\MASTER_PRODUCTION_PACKAGE 2\11_Bench_Test_Pack\Bench_Test_Tracker.xlsx"
build_all_use_optimized.FCMacro,2,715,1,"MICRO HYDRO NEW\MicroHydroV1 — SoT\MicroHydroV1\tools\cad\build_all_use_optimized.FCMacro","MicroHydroV1_Work\MasterIntegrated_Output\02_Canonical_Working_Tree\MicroHydroV1\tools\cad\build_all_use_optimized.FCMacro"
build_all.FCMacro,12,33,6,"MICRO HYDRO NEW\MICRO HYDRO - OLD\RnD\MASTER_PRODUCTION_PACKAGE\MicroHydroV1_CAD Archive\MicroHydroV1_CAD\build_all.FCMacro","MICRO HYDRO NEW\MICRO HYDRO - OLD\RnD\MASTER_PRODUCTION_PACKAGE\MicroHydroV1_CAD Archive\MicroHydroV1_CAD (1)old\build_all.FCMacro","MICRO HYDRO NEW\MICRO HYDRO - OLD\RnD\MASTER_PRODUCTION_PACKAGE\MicroHydroV1_CAD Archive\MicroHydroV1_CAD (1)old\MacroSuiteFull\build_all.FCMacro","MICRO HYDRO NEW\MICRO HYDRO - OLD\RnD\MASTER_PRODUCTION_PACKAGE\MicroHydroV1_CAD Archive\MicroHydroV1_CAD_FIXED\build_all.FCMacro","MICRO HYDRO NEW\MICRO HYDRO - OLD\RnD\MASTER_PRODUCTION_PACKAGE 2\MicroHydroV1_\01_CAD\macros\build_all.FCMacro","MICRO HYDRO NEW\MicroHydroV1\cad\macros\build_all.FCMacro","MICRO HYDRO NEW\MicroHydroV1 — SoT\MicroHydroV1\cad\macros\build_all.FCMacro","MICRO HYDRO NEW\MicroHydroV1 — SoT\MicroHydroV1_BACKUP_20260122_005746\cad\macros\build_all.FCMacro","MicroHydroV1 — SoT\MicroHydroV1\cad\macros\build_all.FCMacro","MicroHydroV1_Work\MasterIntegrated_Output\01_SharePoint_Libraries\MicroHydroV1 — SoT\MicroHydroV1\cad\macros\build_all.FCMacro","MicroHydroV1_Work\MasterIntegrated_Output\02_Canonical_Working_Tree\MicroHydroV1\cad\macros\build_all.FCMacro","MicroHydroV1_Work\MasterIntegrated_Output\_stage\top\MicroHydroV1 ΓÇö SoT\MicroHydroV1\cad\macros\build_all.FCMacro"
build_all.FCMacro.docx,3,16150,2,"MICRO HYDRO NEW\MICRO HYDRO - OLD\RnD\MASTER_PRODUCTION_PACKAGE\MicroHydroV1_CAD Archive\MicroHydroV1_CAD (1)old\build_all.FCMacro.docx","MICRO HYDRO NEW\MICRO HYDRO - OLD\RnD\MASTER_PRODUCTION_PACKAGE\New Folder With Items\build_all.FCMacro.docx","MICRO HYDRO NEW\MICRO HYDRO - OLD\RnD\MASTER_PRODUCTION_PACKAGE 2\build_all.FCMacro.docx"
build_assembly.FCMacro,12,592,3,"MICRO HYDRO NEW\MICRO HYDRO - OLD\RnD\MASTER_PRODUCTION_PACKAGE\MicroHydroV1_CAD Archive\MicroHydroV1_CAD\Assembly\build_assembly.FCMacro","MICRO HYDRO NEW\MICRO HYDRO - OLD\RnD\MASTER_PRODUCTION_PACKAGE\MicroHydroV1_CAD Archive\MicroHydroV1_CAD (1)old\Assembly\build_assembly.FCMacro","MICRO HYDRO NEW\MICRO HYDRO - OLD\RnD\MASTER_PRODUCTION_PACKAGE\MicroHydroV1_CAD Archive\MicroHydroV1_CAD (1)old\MacroSuiteFull\Assembly\build_assembly.FCMacro","MICRO HYDRO NEW\MICRO HYDRO - OLD\RnD\MASTER_PRODUCTION_PACKAGE\MicroHydroV1_CAD Archive\MicroHydroV1_CAD_FIXED\Assembly\build_assembly.FCMacro","MICRO HYDRO NEW\MICRO HYDRO - OLD\RnD\MASTER_PRODUCTION_PACKAGE 2\MicroHydroV1_\01_CAD\macros\build_assembly.FCMacro","MICRO HYDRO NEW\MicroHydroV1\cad\macros\Assembly\build_assembly.FCMacro","MICRO HYDRO NEW\MicroHydroV1 — SoT\MicroHydroV1\cad\macros\Assembly\build_assembly.FCMacro","MICRO HYDRO NEW\MicroHydroV1 — SoT\MicroHydroV1_BACKUP_20260122_005746\cad\macros\Assembly\build_assembly.FCMacro","MicroHydroV1 — SoT\MicroHydroV1\cad\macros\Assembly\build_assembly.FCMacro","MicroHydroV1_Work\MasterIntegrated_Output\01_SharePoint_Libraries\MicroHydroV1 — SoT\MicroHydroV1\cad\macros\Assembly\build_assembly.FCMacro","MicroHydroV1_Work\MasterIntegrated_Output\02_Canonical_Working_Tree\MicroHydroV1\cad\macros\Assembly\build_assembly.FCMacro","MicroHydroV1_Work\MasterIntegrated_Output\_stage\top\MicroHydroV1 ΓÇö SoT\MicroHydroV1\cad\macros\Assembly\build_assembly.FCMacro"
build_diffuser.FCMacro,12,2002,4,"MICRO HYDRO NEW\MICRO HYDRO - OLD\RnD\MASTER_PRODUCTION_PACKAGE\MicroHydroV1_CAD Archive\MicroHydroV1_CAD\01_Diffuser\build_diffuser.FCMacro","MICRO HYDRO NEW\MICRO HYDRO - OLD\RnD\MASTER_PRODUCTION_PACKAGE\MicroHydroV1_CAD Archive\MicroHydroV1_CAD (1)old\01_Diffuser\build_diffuser.FCMacro","MICRO HYDRO NEW\MICRO HYDRO - OLD\RnD\MASTER_PRODUCTION_PACKAGE\MicroHydroV1_CAD Archive\MicroHydroV1_CAD (1)old\MacroSuiteFull\01_Diffuser\build_diffuser.FCMacro","MICRO HYDRO NEW\MICRO HYDRO - OLD\RnD\MASTER_PRODUCTION_PACKAGE\MicroHydroV1_CAD Archive\MicroHydroV1_CAD_FIXED\01_Diffuser\build_diffuser.FCMacro","MICRO HYDRO NEW\MICRO HYDRO - OLD\RnD\MASTER_PRODUCTION_PACKAGE 2\MicroHydroV1_\01_CAD\macros\build_diffuser.FCMacro","MICRO HYDRO NEW\MicroHydroV1\cad\macros\01_Diffuser\build_diffuser.FCMacro","MICRO HYDRO NEW\MicroHydroV1 — SoT\MicroHydroV1\cad\macros\01_Diffuser\build_diffuser.FCMacro","MICRO HYDRO NEW\MicroHydroV1 — SoT\MicroHydroV1_BACKUP_20260122_005746\cad\macros\01_Diffuser\build_diffuser.FCMacro","MicroHydroV1 — SoT\MicroHydroV1\cad\macros\01_Diffuser\build_diffuser.FCMacro","MicroHydroV1_Work\MasterIntegrated_Output\01_SharePoint_Libraries\MicroHydroV1 — SoT\MicroHydroV1\cad\macros\01_Diffuser\build_diffuser.FCMacro","MicroHydroV1_Work\MasterIntegrated_Output\02_Canonical_Working_Tree\MicroHydroV1\cad\macros\01_Diffuser\build_diffuser.FCMacro","MicroHydroV1_Work\MasterIntegrated_Output\_stage\top\MicroHydroV1 ΓÇö SoT\MicroHydroV1\cad\macros\01_Diffuser\build_diffuser.FCMacro"
build_nozzle.FCMacro,12,1559,3,"MICRO HYDRO NEW\MICRO HYDRO - OLD\RnD\MASTER_PRODUCTION_PACKAGE\MicroHydroV1_CAD Archive\MicroHydroV1_CAD\02_Nozzle\build_nozzle.FCMacro","MICRO HYDRO NEW\MICRO HYDRO - OLD\RnD\MASTER_PRODUCTION_PACKAGE\MicroHydroV1_CAD Archive\MicroHydroV1_CAD (1)old\02_Nozzle\build_nozzle.FCMacro","MICRO HYDRO NEW\MICRO HYDRO - OLD\RnD\MASTER_PRODUCTION_PACKAGE\MicroHydroV1_CAD Archive\MicroHydroV1_CAD (1)old\MacroSuiteFull\02_Nozzle\build_nozzle.FCMacro","MICRO HYDRO NEW\MICRO HYDRO - OLD\RnD\MASTER_PRODUCTION_PACKAGE\MicroHydroV1_CAD Archive\MicroHydroV1_CAD_FIXED\02_Nozzle\build_nozzle.FCMacro","MICRO HYDRO NEW\MICRO HYDRO - OLD\RnD\MASTER_PRODUCTION_PACKAGE 2\MicroHydroV1_\01_CAD\macros\build_nozzle.FCMacro","MICRO HYDRO NEW\MicroHydroV1\cad\macros\02_Nozzle\build_nozzle.FCMacro","MICRO HYDRO NEW\MicroHydroV1 — SoT\MicroHydroV1\cad\macros\02_Nozzle\build_nozzle.FCMacro","MICRO HYDRO NEW\MicroHydroV1 — SoT\MicroHydroV1_BACKUP_20260122_005746\cad\macros\02_Nozzle\build_nozzle.FCMacro","MicroHydroV1 — SoT\MicroHydroV1\cad\macros\02_Nozzle\build_nozzle.FCMacro","MicroHydroV1_Work\MasterIntegrated_Output\01_SharePoint_Libraries\MicroHydroV1 — SoT\MicroHydroV1\cad\macros\02_Nozzle\build_nozzle.FCMacro","MicroHydroV1_Work\MasterIntegrated_Output\02_Canonical_Working_Tree\MicroHydroV1\cad\macros\02_Nozzle\build_nozzle.FCMacro","MicroHydroV1_Work\MasterIntegrated_Output\_stage\top\MicroHydroV1 ΓÇö SoT\MicroHydroV1\cad\macros\02_Nozzle\build_nozzle.FCMacro"
build_retainer.FCMacro,12,1139,3,"MICRO HYDRO NEW\MICRO HYDRO - OLD\RnD\MASTER_PRODUCTION_PACKAGE\MicroHydroV1_CAD Archive\MicroHydroV1_CAD\04_Retainer\build_retainer.FCMacro","MICRO HYDRO NEW\MICRO HYDRO - OLD\RnD\MASTER_PRODUCTION_PACKAGE\MicroHydroV1_CAD Archive\MicroHydroV1_CAD (1)old\04_Retainer\build_retainer.FCMacro","MICRO HYDRO NEW\MICRO HYDRO - OLD\RnD\MASTER_PRODUCTION_PACKAGE\MicroHydroV1_CAD Archive\MicroHydroV1_CAD (1)old\MacroSuiteFull\04_Retainer\build_retainer.FCMacro","MICRO HYDRO NEW\MICRO HYDRO - OLD\RnD\MASTER_PRODUCTION_PACKAGE\MicroHydroV1_CAD Archive\MicroHydroV1_CAD_FIXED\04_Retainer\build_retainer.FCMacro","MICRO HYDRO NEW\MICRO HYDRO - OLD\RnD\MASTER_PRODUCTION_PACKAGE 2\MicroHydroV1_\01_CAD\macros\build_retainer.FCMacro","MICRO HYDRO NEW\MicroHydroV1\cad\macros\04_Retainer\build_retainer.FCMacro","MICRO HYDRO NEW\MicroHydroV1 — SoT\MicroHydroV1\cad\macros\04_Retainer\build_retainer.FCMacro","MICRO HYDRO NEW\MicroHydroV1 — SoT\MicroHydroV1_BACKUP_20260122_005746\cad\macros\04_Retainer\build_retainer.FCMacro","MicroHydroV1 — SoT\MicroHydroV1\cad\macros\04_Retainer\build_retainer.FCMacro","MicroHydroV1_Work\MasterIntegrated_Output\01_SharePoint_Libraries\MicroHydroV1 — SoT\MicroHydroV1\cad\macros\04_Retainer\build_retainer.FCMacro","MicroHydroV1_Work\MasterIntegrated_Output\02_Canonical_Working_Tree\MicroHydroV1\cad\macros\04_Retainer\build_retainer.FCMacro","MicroHydroV1_Work\MasterIntegrated_Output\_stage\top\MicroHydroV1 ΓÇö SoT\MicroHydroV1\cad\macros\04_Retainer\build_retainer.FCMacro"
build_vanepacks.FCMacro,12,1440,3,"MICRO HYDRO NEW\MICRO HYDRO - OLD\RnD\MASTER_PRODUCTION_PACKAGE\MicroHydroV1_CAD Archive\MicroHydroV1_CAD\03_VanePacks\build_vanepacks.FCMacro","MICRO HYDRO NEW\MICRO HYDRO - OLD\RnD\MASTER_PRODUCTION_PACKAGE\MicroHydroV1_CAD Archive\MicroHydroV1_CAD (1)old\03_VanePacks\build_vanepacks.FCMacro","MICRO HYDRO NEW\MICRO HYDRO - OLD\RnD\MASTER_PRODUCTION_PACKAGE\MicroHydroV1_CAD Archive\MicroHydroV1_CAD (1)old\MacroSuiteFull\03_VanePacks\build_vanepacks.FCMacro","MICRO HYDRO NEW\MICRO HYDRO - OLD\RnD\MASTER_PRODUCTION_PACKAGE\MicroHydroV1_CAD Archive\MicroHydroV1_CAD_FIXED\03_VanePacks\build_vanepacks.FCMacro","MICRO HYDRO NEW\MICRO HYDRO - OLD\RnD\MASTER_PRODUCTION_PACKAGE 2\MicroHydroV1_\01_CAD\macros\build_vanepacks.FCMacro","MICRO HYDRO NEW\MicroHydroV1\cad\macros\03_VanePacks\build_vanepacks.FCMacro","MICRO HYDRO NEW\MicroHydroV1 — SoT\MicroHydroV1\cad\macros\03_VanePacks\build_vanepacks.FCMacro","MICRO HYDRO NEW\MicroHydroV1 — SoT\MicroHydroV1_BACKUP_20260122_005746\cad\macros\03_VanePacks\build_vanepacks.FCMacro","MicroHydroV1 — SoT\MicroHydroV1\cad\macros\03_VanePacks\build_vanepacks.FCMacro","MicroHydroV1_Work\MasterIntegrated_Output\01_SharePoint_Libraries\MicroHydroV1 — SoT\MicroHydroV1\cad\macros\03_VanePacks\build_vanepacks.FCMacro","MicroHydroV1_Work\MasterIntegrated_Output\02_Canonical_Working_Tree\MicroHydroV1\cad\macros\03_VanePacks\build_vanepacks.FCMacro","MicroHydroV1_Work\MasterIntegrated_Output\_stage\top\MicroHydroV1 ΓÇö SoT\MicroHydroV1\cad\macros\03_VanePacks\build_vanepacks.FCMacro"
DAQ_Logger_Config_RUN3.xlsx,2,6026,1,"MICRO HYDRO NEW\MicroHydroV1 — SoT\MicroHydroV1\docs\templates\DAQ_Logger_Config_RUN3.xlsx","MicroHydroV1_Work\MasterIntegrated_Output\02_Canonical_Working_Tree\MicroHydroV1\docs\templates\DAQ_Logger_Config_RUN3.xlsx"
Design_vNext_Readout_FULL.docx,2,13198,1,"MICRO HYDRO NEW\MICRO HYDRO - OLD\RnD\MASTER_PRODUCTION_PACKAGE\New Folder With Items\14_Reports\Design_vNext_Readout_FULL.docx","MICRO HYDRO NEW\MICRO HYDRO - OLD\RnD\MASTER_PRODUCTION_PACKAGE 2\14_Reports\Design_vNext_Readout_FULL.docx"
ELC_Frequency_Response.xlsx,2,8460,1,"MICRO HYDRO NEW\MICRO HYDRO - OLD\RnD\MASTER_PRODUCTION_PACKAGE\New Folder With Items\08_Electrical_Control_Unit\ELC_Frequency_Response.xlsx","MICRO HYDRO NEW\MICRO HYDRO - OLD\RnD\MASTER_PRODUCTION_PACKAGE 2\08_Electrical_Control_Unit\ELC_Frequency_Response.xlsx"
ELC_Inverter_Tuning_RUN2.docx,2,13200,1,"MICRO HYDRO NEW\MICRO HYDRO - OLD\RnD\MASTER_PRODUCTION_PACKAGE\New Folder With Items\08_Electrical_Control_Unit\ELC_Inverter_Tuning_RUN2.docx","MICRO HYDRO NEW\MICRO HYDRO - OLD\RnD\MASTER_PRODUCTION_PACKAGE 2\08_Electrical_Control_Unit\ELC_Inverter_Tuning_RUN2.docx"
Engineering_Rational_Nozzle_9mm_.docx,2,13201,1,"MICRO HYDRO NEW\MICRO HYDRO - OLD\RnD\MASTER_PRODUCTION_PACKAGE\New Folder With Items\10_Design_VNext\02_Nozzle_9mm_PreSwirl\Engineering_Rational_Nozzle_9mm_.docx","MICRO HYDRO NEW\MICRO HYDRO - OLD\RnD\MASTER_PRODUCTION_PACKAGE 2\10_Design_VNext\02_Nozzle_9mm_PreSwirl\Engineering_Rational_Nozzle_9mm_.docx"
Engineering_Rationale_Hyperbolic_Inlet.docx,2,13200,1,"MICRO HYDRO NEW\MICRO HYDRO - OLD\RnD\MASTER_PRODUCTION_PACKAGE\New Folder With Items\10_Design_VNext\01_Tank_Inlet_Hyperbolic\Engineering_Rationale_Hyperbolic_Inlet.docx","MICRO HYDRO NEW\MICRO HYDRO - OLD\RnD\MASTER_PRODUCTION_PACKAGE 2\10_Design_VNext\01_Tank_Inlet_Hyperbolic\Engineering_Rationale_Hyperbolic_Inlet.docx"
export_batch.FCMacro,11,1062,3,"MICRO HYDRO NEW\MICRO HYDRO - OLD\RnD\MASTER_PRODUCTION_PACKAGE\MicroHydroV1_CAD Archive\MicroHydroV1_CAD\scripts\export_batch.FCMacro","MICRO HYDRO NEW\MICRO HYDRO - OLD\RnD\MASTER_PRODUCTION_PACKAGE\MicroHydroV1_CAD Archive\MicroHydroV1_CAD (1)old\MacroSuiteFull\scripts\export_batch.FCMacro","MICRO HYDRO NEW\MICRO HYDRO - OLD\RnD\MASTER_PRODUCTION_PACKAGE\MicroHydroV1_CAD Archive\MicroHydroV1_CAD_FIXED\scripts\export_batch.FCMacro","MICRO HYDRO NEW\MICRO HYDRO - OLD\RnD\MASTER_PRODUCTION_PACKAGE 2\MicroHydroV1_\01_CAD\macros\export_batch.FCMacro","MICRO HYDRO NEW\MicroHydroV1\cad\macros\scripts\export_batch.FCMacro","MICRO HYDRO NEW\MicroHydroV1 — SoT\MicroHydroV1\cad\macros\scripts\export_batch.FCMacro","MICRO HYDRO NEW\MicroHydroV1 — SoT\MicroHydroV1_BACKUP_20260122_005746\cad\macros\scripts\export_batch.FCMacro","MicroHydroV1 — SoT\MicroHydroV1\cad\macros\scripts\export_batch.FCMacro","MicroHydroV1_Work\MasterIntegrated_Output\01_SharePoint_Libraries\MicroHydroV1 — SoT\MicroHydroV1\cad\macros\scripts\export_batch.FCMacro","MicroHydroV1_Work\MasterIntegrated_Output\02_Canonical_Working_Tree\MicroHydroV1\cad\macros\scripts\export_batch.FCMacro","MicroHydroV1_Work\MasterIntegrated_Output\_stage\top\MicroHydroV1 ΓÇö SoT\MicroHydroV1\cad\macros\scripts\export_batch.FCMacro"
Go_NoGo_Packet.docx,2,36705,1,"MICRO HYDRO NEW\MICRO HYDRO - OLD\RnD\MASTER_PRODUCTION_PACKAGE\MicroHydroV1_CAD Archive\MicroHydroV1_FULL_Workspace\Master_Package\Go_NoGo_Packet.docx","MICRO HYDRO NEW\MICRO HYDRO - OLD\RnD\MASTER_PRODUCTION_PACKAGE 2\MicroHydroV1_\07_Docs\Documentation\Go_NoGo_Packet.docx"
GoNoGo_Packet.docx,2,36713,1,"MICRO HYDRO NEW\MICRO HYDRO - OLD\RnD\MASTER_PRODUCTION_PACKAGE\MicroHydroV1_CAD Archive\MicroHydroV1_Full_Package\GoNoGo_Packet.docx","MICRO HYDRO NEW\MICRO HYDRO - OLD\RnD\MASTER_PRODUCTION_PACKAGE 2\MicroHydroV1_\07_Docs\Documentation\GoNoGo_Packet.docx"
Hyberbolic_Inlet_Design.docx,2,13194,1,"MICRO HYDRO NEW\MICRO HYDRO - OLD\RnD\MASTER_PRODUCTION_PACKAGE\New Folder With Items\10_Design_VNext\01_Tank_Inlet_Hyperbolic\Hyberbolic_Inlet_Design.docx","MICRO HYDRO NEW\MICRO HYDRO - OLD\RnD\MASTER_PRODUCTION_PACKAGE 2\10_Design_VNext\01_Tank_Inlet_Hyperbolic\Hyberbolic_Inlet_Design.docx"
HYDRAM_RUN2_Overview.docx,2,13199,1,"MICRO HYDRO NEW\MICRO HYDRO - OLD\RnD\MASTER_PRODUCTION_PACKAGE\New Folder With Items\04_Hydram_Research_Unit\HYDRAM_RUN2_Overview.docx","MICRO HYDRO NEW\MICRO HYDRO - OLD\RnD\MASTER_PRODUCTION_PACKAGE 2\04_Hydram_Research_Unit\HYDRAM_RUN2_Overview.docx"
Hyperbolic_Inlet_BOM.xlsx,2,8454,1,"MICRO HYDRO NEW\MICRO HYDRO - OLD\RnD\MASTER_PRODUCTION_PACKAGE\New Folder With Items\10_Design_VNext\01_Tank_Inlet_Hyperbolic\Hyperbolic_Inlet_BOM.xlsx","MICRO HYDRO NEW\MICRO HYDRO - OLD\RnD\MASTER_PRODUCTION_PACKAGE 2\10_Design_VNext\01_Tank_Inlet_Hyperbolic\Hyperbolic_Inlet_BOM.xlsx"
Hyperbolic_Inlet_Drawing.svg.docx,2,13232,1,"MICRO HYDRO NEW\MICRO HYDRO - OLD\RnD\MASTER_PRODUCTION_PACKAGE\New Folder With Items\10_Design_VNext\01_Tank_Inlet_Hyperbolic\Hyperbolic_Inlet_Drawing.svg.docx","MICRO HYDRO NEW\MICRO HYDRO - OLD\RnD\MASTER_PRODUCTION_PACKAGE 2\10_Design_VNext\01_Tank_Inlet_Hyperbolic\Hyperbolic_Inlet_Drawing.svg.docx"
Import_Config.json,10,83,3,"MICRO HYDRO NEW\MICRO HYDRO - OLD\RnD\MASTER_PRODUCTION_PACKAGE\MicroHydroV1_CAD Archive\MicroHydroV1_FULL_Workspace\Automation\Import_Config.json","MICRO HYDRO NEW\MICRO HYDRO - OLD\RnD\MASTER_PRODUCTION_PACKAGE\New Folder With Items\Import_Config.json","MICRO HYDRO NEW\MICRO HYDRO - OLD\RnD\MASTER_PRODUCTION_PACKAGE 2\Import_Config.json","MICRO HYDRO NEW\MicroHydroV1\automation\Import_Config.json","MICRO HYDRO NEW\MicroHydroV1 — SoT\MicroHydroV1\automation\Import_Config.json","MICRO HYDRO NEW\MicroHydroV1 — SoT\MicroHydroV1_BACKUP_20260122_005746\automation\Import_Config.json","MicroHydroV1 — SoT\MicroHydroV1\automation\Import_Config.json","MicroHydroV1_Work\MasterIntegrated_Output\01_SharePoint_Libraries\MicroHydroV1 — SoT\MicroHydroV1\automation\Import_Config.json","MicroHydroV1_Work\MasterIntegrated_Output\02_Canonical_Working_Tree\MicroHydroV1\automation\Import_Config.json","MicroHydroV1_Work\MasterIntegrated_Output\_stage\top\MicroHydroV1 ΓÇö SoT\MicroHydroV1\automation\Import_Config.json"
import_measurements.py,10,139,4,"MICRO HYDRO NEW\MICRO HYDRO - OLD\RnD\MASTER_PRODUCTION_PACKAGE\MicroHydroV1_CAD Archive\MicroHydroV1_FULL_Workspace\Automation\import_measurements.py","MICRO HYDRO NEW\MICRO HYDRO - OLD\RnD\MASTER_PRODUCTION_PACKAGE\New Folder With Items\import_measurements.py","MICRO HYDRO NEW\MICRO HYDRO - OLD\RnD\MASTER_PRODUCTION_PACKAGE 2\import_measurements.py","MICRO HYDRO NEW\MicroHydroV1\automation\import_measurements.py","MICRO HYDRO NEW\MicroHydroV1 — SoT\MicroHydroV1\docs\addons\MicroHydroV1_Importer_RunID_Patch_v0.3.0\MicroHydroV1\automation\import_measurements.py","MICRO HYDRO NEW\MicroHydroV1 — SoT\MicroHydroV1_BACKUP_20260122_005746\MicroHydroV1_Importer_RunID_Patch_v0.3.0\MicroHydroV1\automation\import_measurements.py","MicroHydroV1 — SoT\MicroHydroV1\MicroHydroV1_Importer_RunID_Patch_v0.3.0\MicroHydroV1\automation\import_measurements.py","MicroHydroV1_Work\MasterIntegrated_Output\01_SharePoint_Libraries\MicroHydroV1 — SoT\MicroHydroV1\MicroHydroV1_Importer_RunID_Patch_v0.3.0\MicroHydroV1\automation\import_measurements.py","MicroHydroV1_Work\MasterIntegrated_Output\02_Canonical_Working_Tree\MicroHydroV1\MicroHydroV1_Importer_RunID_Patch_v0.3.0\MicroHydroV1\automation\import_measurements.py","MicroHydroV1_Work\MasterIntegrated_Output\_stage\top\MicroHydroV1 ΓÇö SoT\MicroHydroV1\MicroHydroV1_Importer_RunID_Patch_v0.3.0\MicroHydroV1\automation\import_measurements.py"
index.html.docx,2,13191,1,"MICRO HYDRO NEW\MICRO HYDRO - OLD\RnD\MASTER_PRODUCTION_PACKAGE\New Folder With Items\index.html.docx","MICRO HYDRO NEW\MICRO HYDRO - OLD\RnD\MASTER_PRODUCTION_PACKAGE 2\index.html.docx"
Info.plist,3,467,1,"MICRO HYDRO NEW\Contents\Info.plist","MICRO HYDRO NEW\MICRO HYDRO - OLD\RnD\MASTER_PRODUCTION_PACKAGE\Contents\Info.plist","MICRO HYDRO NEW\MICRO HYDRO - OLD\RnD\MASTER_PRODUCTION_PACKAGE\Contents 2\Info.plist"
InitGui.py,3,21,2,"MICRO HYDRO NEW\MICRO HYDRO - OLD\RnD\MASTER_PRODUCTION_PACKAGE\MicroHydroV1_CAD Archive\MicroHydroV1_CAD\MicroHydroV1\InitGui.py","MICRO HYDRO NEW\MICRO HYDRO - OLD\RnD\MASTER_PRODUCTION_PACKAGE\MicroHydroV1_CAD Archive\MicroHydroV1_CAD\MicroHydroV1_InModule_Installer\InitGui.py","MICRO HYDRO NEW\MICRO HYDRO - OLD\RnD\MASTER_PRODUCTION_PACKAGE 2\MicroHydroV1_\08_Installers\InitGui.py"
Install_MicroHydroV1,3,159,1,"MICRO HYDRO NEW\Contents\MacOS\Install_MicroHydroV1","MICRO HYDRO NEW\MICRO HYDRO - OLD\RnD\MASTER_PRODUCTION_PACKAGE\Contents\MacOS\Install_MicroHydroV1","MICRO HYDRO NEW\MICRO HYDRO - OLD\RnD\MASTER_PRODUCTION_PACKAGE\Contents 2\MacOS\Install_MicroHydroV1"
Install_MicroHydroV1_InModule.command,2,1375,1,"MICRO HYDRO NEW\MICRO HYDRO - OLD\RnD\MASTER_PRODUCTION_PACKAGE\MicroHydroV1_CAD Archive\MicroHydroV1_CAD\MicroHydroV1_InModule_Installer\Install_MicroHydroV1_InModule.command","MICRO HYDRO NEW\MICRO HYDRO - OLD\RnD\MASTER_PRODUCTION_PACKAGE 2\MicroHydroV1_\08_Installers\Install_MicroHydroV1_InModule.command"
INTEGRATED_RUN2_Data.xlsx,2,8469,1,"MICRO HYDRO NEW\MICRO HYDRO - OLD\RnD\MASTER_PRODUCTION_PACKAGE\New Folder With Items\09_Intergrated_System_Modeling\INTEGRATED_RUN2_Data.xlsx","MICRO HYDRO NEW\MICRO HYDRO - OLD\RnD\MASTER_PRODUCTION_PACKAGE 2\09_Intergrated_System_Modeling\INTEGRATED_RUN2_Data.xlsx"
INTEGRATED_RUN2.docx,2,13194,1,"MICRO HYDRO NEW\MICRO HYDRO - OLD\RnD\MASTER_PRODUCTION_PACKAGE\New Folder With Items\09_Intergrated_System_Modeling\INTEGRATED_RUN2.docx","MICRO HYDRO NEW\MICRO HYDRO - OLD\RnD\MASTER_PRODUCTION_PACKAGE 2\09_Intergrated_System_Modeling\INTEGRATED_RUN2.docx"
Jet_Coherence_Datasheet.xlsx,2,8475,1,"MICRO HYDRO NEW\MICRO HYDRO - OLD\RnD\MASTER_PRODUCTION_PACKAGE\New Folder With Items\11_Bench_Test_Pack\Jet_Coherence_Test\Jet_Coherence_Datasheet.xlsx","MICRO HYDRO NEW\MICRO HYDRO - OLD\RnD\MASTER_PRODUCTION_PACKAGE 2\11_Bench_Test_Pack\Jet_Coherence_Test\Jet_Coherence_Datasheet.xlsx"
Jet_Coherence_Imaging_Notes.docx,2,13200,1,"MICRO HYDRO NEW\MICRO HYDRO - OLD\RnD\MASTER_PRODUCTION_PACKAGE\New Folder With Items\11_Bench_Test_Pack\Jet_Coherence_Test\Jet_Coherence_Imaging_Notes.docx","MICRO HYDRO NEW\MICRO HYDRO - OLD\RnD\MASTER_PRODUCTION_PACKAGE 2\11_Bench_Test_Pack\Jet_Coherence_Test\Jet_Coherence_Imaging_Notes.docx"
Jet_Coherence_Procedure.docx,8,13215,1,"MICRO HYDRO NEW\MICRO HYDRO - OLD\RnD\MASTER_PRODUCTION_PACKAGE\New Folder With Items\11_Bench_Test_Pack\Jet_Coherence_Test\Jet_Coherence_Procedure.docx","MICRO HYDRO NEW\MICRO HYDRO - OLD\RnD\MASTER_PRODUCTION_PACKAGE 2\11_Bench_Test_Pack\Jet_Coherence_Test\Jet_Coherence_Procedure.docx","MICRO HYDRO NEW\MicroHydroV1 — SoT\MicroHydroV1\docs\Jet_Coherence_Procedure.docx","MICRO HYDRO NEW\MicroHydroV1 — SoT\MicroHydroV1_BACKUP_20260122_005746\docs\Jet_Coherence_Procedure.docx","MicroHydroV1 — SoT\MicroHydroV1\docs\Jet_Coherence_Procedure.docx","MicroHydroV1_Work\MasterIntegrated_Output\01_SharePoint_Libraries\MicroHydroV1 — SoT\MicroHydroV1\docs\Jet_Coherence_Procedure.docx","MicroHydroV1_Work\MasterIntegrated_Output\02_Canonical_Working_Tree\MicroHydroV1\docs\Jet_Coherence_Procedure.docx","MicroHydroV1_Work\MasterIntegrated_Output\_stage\top\MicroHydroV1 ΓÇö SoT\MicroHydroV1\docs\Jet_Coherence_Procedure.docx"
MacroSuite.zip,2,1313,1,"MICRO HYDRO NEW\MICRO HYDRO - OLD\RnD\MASTER_PRODUCTION_PACKAGE\MicroHydroV1_CAD Archive\MicroHydroV1_CAD (1)old\MacroSuite.zip","MICRO HYDRO NEW\MICRO HYDRO - OLD\RnD\MASTER_PRODUCTION_PACKAGE 2\MicroHydroV1_\09_Packages\original\MacroSuite.zip"
MacroSuiteFull.zip,2,4703,1,"MICRO HYDRO NEW\MICRO HYDRO - OLD\RnD\MASTER_PRODUCTION_PACKAGE\MicroHydroV1_CAD Archive\MicroHydroV1_CAD (1)old\MacroSuiteFull.zip","MICRO HYDRO NEW\MICRO HYDRO - OLD\RnD\MASTER_PRODUCTION_PACKAGE 2\MicroHydroV1_\09_Packages\original\MacroSuiteFull.zip"
make_release.py,7,971,2,"MICRO HYDRO NEW\MicroHydroV1\tools\release\make_release.py","MICRO HYDRO NEW\MicroHydroV1 — SoT\MicroHydroV1\tools\release\make_release.py","MICRO HYDRO NEW\MicroHydroV1 — SoT\MicroHydroV1_BACKUP_20260122_005746\tools\release\make_release.py","MicroHydroV1 — SoT\MicroHydroV1\tools\release\make_release.py","MicroHydroV1_Work\MasterIntegrated_Output\01_SharePoint_Libraries\MicroHydroV1 — SoT\MicroHydroV1\tools\release\make_release.py","MicroHydroV1_Work\MasterIntegrated_Output\02_Canonical_Working_Tree\MicroHydroV1\tools\release\make_release.py","MicroHydroV1_Work\MasterIntegrated_Output\_stage\top\MicroHydroV1 ΓÇö SoT\MicroHydroV1\tools\release\make_release.py"
manifest.json,32,13160,8,"MICRO HYDRO NEW\MICRO HYDRO - OLD\RnD\MASTER_PRODUCTION_PACKAGE 2\MicroHydroV1_\manifest.json","MICRO HYDRO NEW\MICRO HYDRO - OLD\RnD\zipppittt\MICRO_HYDRO_Enterprise_Package_2026-01-21_Rebuild\00_Manifest\manifest.json","MICRO HYDRO NEW\MicroHydroV1 — SoT\MicroHydroV1\docs\addons\MANIFEST.json","MICRO HYDRO NEW\MicroHydroV1 — SoT\MicroHydroV1\docs\addons\MicroHydroV1_Importer_RunID_Patch_v0.3.0\MANIFEST.json","MICRO HYDRO NEW\MicroHydroV1 — SoT\MicroHydroV1\docs\addons\MicroHydroV1_RUN3_AutoFill_Evidence_PLUS_Workbook_v0.3.0\MANIFEST.json","MICRO HYDRO NEW\MicroHydroV1 — SoT\MicroHydroV1\docs\addons\MicroHydroV1_RUN3_AutoFill_Evidence_RUNID_BASELINE_v0.3.0\MANIFEST.json","MICRO HYDRO NEW\MicroHydroV1 — SoT\MicroHydroV1\docs\addons\MicroHydroV1_RunID_Migrator_v0.3.0\MANIFEST.json","MICRO HYDRO NEW\MicroHydroV1 — SoT\MicroHydroV1_BACKUP_20260122_005746\MANIFEST.json","MICRO HYDRO NEW\MicroHydroV1 — SoT\MicroHydroV1_BACKUP_20260122_005746\MicroHydroV1_Importer_RunID_Patch_v0.3.0\MANIFEST.json","MICRO HYDRO NEW\MicroHydroV1 — SoT\MicroHydroV1_BACKUP_20260122_005746\MicroHydroV1_RUN3_AutoFill_Evidence_PLUS_Workbook_v0.3.0\MANIFEST.json","MICRO HYDRO NEW\MicroHydroV1 — SoT\MicroHydroV1_BACKUP_20260122_005746\MicroHydroV1_RUN3_AutoFill_Evidence_RUNID_BASELINE_v0.3.0\MANIFEST.json","MICRO HYDRO NEW\MicroHydroV1 — SoT\MicroHydroV1_BACKUP_20260122_005746\MicroHydroV1_RunID_Migrator_v0.3.0\MANIFEST.json","MicroHydroV1 — SoT\MicroHydroV1\MANIFEST.json","MicroHydroV1 — SoT\MicroHydroV1\MicroHydroV1_Importer_RunID_Patch_v0.3.0\MANIFEST.json","MicroHydroV1 — SoT\MicroHydroV1\MicroHydroV1_RUN3_AutoFill_Evidence_PLUS_Workbook_v0.3.0\MANIFEST.json","MicroHydroV1 — SoT\MicroHydroV1\MicroHydroV1_RUN3_AutoFill_Evidence_RUNID_BASELINE_v0.3.0\MANIFEST.json","MicroHydroV1 — SoT\MicroHydroV1\MicroHydroV1_RunID_Migrator_v0.3.0\MANIFEST.json","MicroHydroV1_Work\MasterIntegrated_Output\01_SharePoint_Libraries\MicroHydroV1 — SoT\MicroHydroV1\MANIFEST.json","MicroHydroV1_Work\MasterIntegrated_Output\01_SharePoint_Libraries\MicroHydroV1 — SoT\MicroHydroV1\MicroHydroV1_Importer_RunID_Patch_v0.3.0\MANIFEST.json","MicroHydroV1_Work\MasterIntegrated_Output\01_SharePoint_Libraries\MicroHydroV1 — SoT\MicroHydroV1\MicroHydroV1_RUN3_AutoFill_Evidence_PLUS_Workbook_v0.3.0\MANIFEST.json","MicroHydroV1_Work\MasterIntegrated_Output\01_SharePoint_Libraries\MicroHydroV1 — SoT\MicroHydroV1\MicroHydroV1_RUN3_AutoFill_Evidence_RUNID_BASELINE_v0.3.0\MANIFEST.json","MicroHydroV1_Work\MasterIntegrated_Output\01_SharePoint_Libraries\MicroHydroV1 — SoT\MicroHydroV1\MicroHydroV1_RunID_Migrator_v0.3.0\MANIFEST.json","MicroHydroV1_Work\MasterIntegrated_Output\02_Canonical_Working_Tree\MicroHydroV1\MANIFEST.json","MicroHydroV1_Work\MasterIntegrated_Output\02_Canonical_Working_Tree\MicroHydroV1\MicroHydroV1_Importer_RunID_Patch_v0.3.0\MANIFEST.json","MicroHydroV1_Work\MasterIntegrated_Output\02_Canonical_Working_Tree\MicroHydroV1\MicroHydroV1_RUN3_AutoFill_Evidence_PLUS_Workbook_v0.3.0\MANIFEST.json","MicroHydroV1_Work\MasterIntegrated_Output\02_Canonical_Working_Tree\MicroHydroV1\MicroHydroV1_RUN3_AutoFill_Evidence_RUNID_BASELINE_v0.3.0\MANIFEST.json","MicroHydroV1_Work\MasterIntegrated_Output\02_Canonical_Working_Tree\MicroHydroV1\MicroHydroV1_RunID_Migrator_v0.3.0\MANIFEST.json","MicroHydroV1_Work\MasterIntegrated_Output\_stage\top\MicroHydroV1 ΓÇö SoT\MicroHydroV1\MANIFEST.json","MicroHydroV1_Work\MasterIntegrated_Output\_stage\top\MicroHydroV1 ΓÇö SoT\MicroHydroV1\MicroHydroV1_Importer_RunID_Patch_v0.3.0\MANIFEST.json","MicroHydroV1_Work\MasterIntegrated_Output\_stage\top\MicroHydroV1 ΓÇö SoT\MicroHydroV1\MicroHydroV1_RUN3_AutoFill_Evidence_PLUS_Workbook_v0.3.0\MANIFEST.json","MicroHydroV1_Work\MasterIntegrated_Output\_stage\top\MicroHydroV1 ΓÇö SoT\MicroHydroV1\MicroHydroV1_RUN3_AutoFill_Evidence_RUNID_BASELINE_v0.3.0\MANIFEST.json","MicroHydroV1_Work\MasterIntegrated_Output\_stage\top\MicroHydroV1 ΓÇö SoT\MicroHydroV1\MicroHydroV1_RunID_Migrator_v0.3.0\MANIFEST.json"
Master_Index.docx,8,27555,1,"MICRO HYDRO NEW\MICRO HYDRO - OLD\RnD\MASTER_PRODUCTION_PACKAGE\New Folder With Items\Master_Index.docx","MICRO HYDRO NEW\MICRO HYDRO - OLD\RnD\MASTER_PRODUCTION_PACKAGE 2\Master_Index.docx","MICRO HYDRO NEW\MicroHydroV1 — SoT\MicroHydroV1\docs\Master_Index.docx","MICRO HYDRO NEW\MicroHydroV1 — SoT\MicroHydroV1_BACKUP_20260122_005746\docs\Master_Index.docx","MicroHydroV1 — SoT\MicroHydroV1\docs\Master_Index.docx","MicroHydroV1_Work\MasterIntegrated_Output\01_SharePoint_Libraries\MicroHydroV1 — SoT\MicroHydroV1\docs\Master_Index.docx","MicroHydroV1_Work\MasterIntegrated_Output\02_Canonical_Working_Tree\MicroHydroV1\docs\Master_Index.docx","MicroHydroV1_Work\MasterIntegrated_Output\_stage\top\MicroHydroV1 ΓÇö SoT\MicroHydroV1\docs\Master_Index.docx"
MASTER_PASS_A_Document.docx,2,37147,1,"MICRO HYDRO NEW\MICRO HYDRO - OLD\RnD\MASTER_PRODUCTION_PACKAGE\New Folder With Items\MASTER_PASS_A_Document.docx","MICRO HYDRO NEW\MICRO HYDRO - OLD\RnD\MASTER_PRODUCTION_PACKAGE 2\MASTER_PASS_A_Document.docx"
Measurements_Import_Template.csv,8,68,1,"MICRO HYDRO NEW\MICRO HYDRO - OLD\RnD\MASTER_PRODUCTION_PACKAGE\New Folder With Items\Measurements_Import_Template.csv","MICRO HYDRO NEW\MICRO HYDRO - OLD\RnD\MASTER_PRODUCTION_PACKAGE 2\Measurements_Import_Template.csv","MICRO HYDRO NEW\MicroHydroV1 — SoT\MicroHydroV1\automation\Measurements_Import_Template.csv","MICRO HYDRO NEW\MicroHydroV1 — SoT\MicroHydroV1_BACKUP_20260122_005746\automation\Measurements_Import_Template.csv","MicroHydroV1 — SoT\MicroHydroV1\automation\Measurements_Import_Template.csv","MicroHydroV1_Work\MasterIntegrated_Output\01_SharePoint_Libraries\MicroHydroV1 — SoT\MicroHydroV1\automation\Measurements_Import_Template.csv","MicroHydroV1_Work\MasterIntegrated_Output\02_Canonical_Working_Tree\MicroHydroV1\automation\Measurements_Import_Template.csv","MicroHydroV1_Work\MasterIntegrated_Output\_stage\top\MicroHydroV1 ΓÇö SoT\MicroHydroV1\automation\Measurements_Import_Template.csv"
MICRO HYDRO.zip,2,14653845,2,"MICRO HYDRO NEW\MICRO HYDRO - OLD\RnD\zipppittt\MICRO HYDRO.zip","MICRO HYDRO NEW\MICRO HYDRO - OLD\RnD\zipppittt\MICRO_HYDRO_Enterprise_Package_2026-01-21_Rebuild\07_Source_Archive\MICRO HYDRO.zip"
microhydro_master_integrator.py,2,17492,1,"MicroHydroV1_Work\MasterIntegrated_Output\05_Tools\microhydro_master_integrator.py","MicroHydroV1_Work\tools\microhydro_master_integrator.py"
MicroHydroV1_Addon_macOS.zip,2,7945,1,"MICRO HYDRO NEW\MICRO HYDRO - OLD\RnD\MASTER_PRODUCTION_PACKAGE\MicroHydroV1_CAD Archive\MicroHydroV1_CAD\MicroHydroV1_Addon_macOS.zip","MICRO HYDRO NEW\MICRO HYDRO - OLD\RnD\MASTER_PRODUCTION_PACKAGE 2\MicroHydroV1_\09_Packages\original\MicroHydroV1_Addon_macOS.zip"
MicroHydroV1_Bench_Test_Tracker.xlsx,4,13943,2,"MICRO HYDRO NEW\MICRO HYDRO - OLD\RnD\MASTER_PRODUCTION_PACKAGE\MicroHydroV1_CAD Archive\MicroHydroV1_Bench_Test_Tracker.xlsx","MICRO HYDRO NEW\MICRO HYDRO - OLD\RnD\MASTER_PRODUCTION_PACKAGE\New Folder With Items\05_Tank_Hydraulics_Unit\MicroHydroV1_Bench_Test_Tracker.xlsx","MICRO HYDRO NEW\MICRO HYDRO - OLD\RnD\MASTER_PRODUCTION_PACKAGE 2\05_Tank_Hydraulics_Unit\MicroHydroV1_Bench_Test_Tracker.xlsx","MICRO HYDRO NEW\MICRO HYDRO - OLD\RnD\MASTER_PRODUCTION_PACKAGE 2\MicroHydroV1_\03_Data\RnD_Workbook\MicroHydroV1_Bench_Test_Tracker.xlsx"
MicroHydroV1_CAD Archive.zip,2,1071552,1,"MICRO HYDRO NEW\MICRO HYDRO - OLD\RnD\MASTER_PRODUCTION_PACKAGE\MicroHydroV1_CAD Archive.zip","MICRO HYDRO NEW\MICRO HYDRO - OLD\RnD\MASTER_PRODUCTION_PACKAGE 2\MicroHydroV1_CAD Archive.zip"
MicroHydroV1_Calibration_AutoEmbed_AddOn_v0.3.0 (1).zip,5,11313,1,"MICRO HYDRO NEW\MicroHydroV1 — SoT\MicroHydroV1\docs\addons\zips\MicroHydroV1_Calibration_AutoEmbed_AddOn_v0.3.0 (1).zip","MICRO HYDRO NEW\MicroHydroV1 — SoT\MicroHydroV1_BACKUP_20260122_005746\MicroHydroV1_Calibration_AutoEmbed_AddOn_v0.3.0 (1).zip","MicroHydroV1 — SoT\MicroHydroV1\MicroHydroV1_Calibration_AutoEmbed_AddOn_v0.3.0 (1).zip","MicroHydroV1_Work\MasterIntegrated_Output\01_SharePoint_Libraries\MicroHydroV1 — SoT\MicroHydroV1\MicroHydroV1_Calibration_AutoEmbed_AddOn_v0.3.0 (1).zip","MicroHydroV1_Work\MasterIntegrated_Output\_stage\top\MicroHydroV1 ΓÇö SoT\MicroHydroV1\MicroHydroV1_Calibration_AutoEmbed_AddOn_v0.3.0 (1).zip"
MicroHydroV1_Calibration_AutoEmbed_AddOn_v0.3.0.zip,6,11313,1,"MICRO HYDRO NEW\MicroHydroV1 — SoT\MicroHydroV1\docs\addons\zips\MicroHydroV1_Calibration_AutoEmbed_AddOn_v0.3.0.zip","MICRO HYDRO NEW\MicroHydroV1 — SoT\MicroHydroV1_BACKUP_20260122_005746\MicroHydroV1_Calibration_AutoEmbed_AddOn_v0.3.0.zip","MicroHydroV1 — SoT\MicroHydroV1\MicroHydroV1_Calibration_AutoEmbed_AddOn_v0.3.0.zip","MicroHydroV1_Work\MasterIntegrated_Output\01_SharePoint_Libraries\MicroHydroV1 — SoT\MicroHydroV1\MicroHydroV1_Calibration_AutoEmbed_AddOn_v0.3.0.zip","MicroHydroV1_Work\MasterIntegrated_Output\03_Packages_Original_Zips\MicroHydroV1_Calibration_AutoEmbed_AddOn_v0.3.0.zip","MicroHydroV1_Work\MasterIntegrated_Output\_stage\top\MicroHydroV1 ΓÇö SoT\MicroHydroV1\MicroHydroV1_Calibration_AutoEmbed_AddOn_v0.3.0.zip"
MicroHydroV1_Complete_Engineering_Package.zip,2,36248,1,"MICRO HYDRO NEW\MICRO HYDRO - OLD\RnD\MASTER_PRODUCTION_PACKAGE\MicroHydroV1_CAD Archive\MicroHydroV1_CAD\MicroHydroV1_Complete_Engineering_Package.zip","MICRO HYDRO NEW\MICRO HYDRO - OLD\RnD\MASTER_PRODUCTION_PACKAGE 2\MicroHydroV1_\09_Packages\original\MicroHydroV1_Complete_Engineering_Package.zip"
MicroHydroV1_Design_vNext_Readout_Stages_A-D.docx,2,39135,1,"MICRO HYDRO NEW\MICRO HYDRO - OLD\RnD\MASTER_PRODUCTION_PACKAGE\New Folder With Items\10_Design_VNext\MicroHydroV1_Design_vNext_Readout_Stages_A-D.docx","MICRO HYDRO NEW\MICRO HYDRO - OLD\RnD\MASTER_PRODUCTION_PACKAGE 2\10_Design_VNext\MicroHydroV1_Design_vNext_Readout_Stages_A-D.docx"
MicroHydroV1_DO_ALL_AddOn_v0.3.0 (1).zip,5,9999,1,"MICRO HYDRO NEW\MicroHydroV1 — SoT\MicroHydroV1\docs\addons\zips\MicroHydroV1_DO_ALL_AddOn_v0.3.0 (1).zip","MICRO HYDRO NEW\MicroHydroV1 — SoT\MicroHydroV1_BACKUP_20260122_005746\MicroHydroV1_DO_ALL_AddOn_v0.3.0 (1).zip","MicroHydroV1 — SoT\MicroHydroV1\MicroHydroV1_DO_ALL_AddOn_v0.3.0 (1).zip","MicroHydroV1_Work\MasterIntegrated_Output\01_SharePoint_Libraries\MicroHydroV1 — SoT\MicroHydroV1\MicroHydroV1_DO_ALL_AddOn_v0.3.0 (1).zip","MicroHydroV1_Work\MasterIntegrated_Output\_stage\top\MicroHydroV1 ΓÇö SoT\MicroHydroV1\MicroHydroV1_DO_ALL_AddOn_v0.3.0 (1).zip"
MicroHydroV1_DO_ALL_AddOn_v0.3.0 (2).zip,5,9999,1,"MICRO HYDRO NEW\MicroHydroV1 — SoT\MicroHydroV1\docs\addons\zips\MicroHydroV1_DO_ALL_AddOn_v0.3.0 (2).zip","MICRO HYDRO NEW\MicroHydroV1 — SoT\MicroHydroV1_BACKUP_20260122_005746\MicroHydroV1_DO_ALL_AddOn_v0.3.0 (2).zip","MicroHydroV1 — SoT\MicroHydroV1\MicroHydroV1_DO_ALL_AddOn_v0.3.0 (2).zip","MicroHydroV1_Work\MasterIntegrated_Output\01_SharePoint_Libraries\MicroHydroV1 — SoT\MicroHydroV1\MicroHydroV1_DO_ALL_AddOn_v0.3.0 (2).zip","MicroHydroV1_Work\MasterIntegrated_Output\_stage\top\MicroHydroV1 ΓÇö SoT\MicroHydroV1\MicroHydroV1_DO_ALL_AddOn_v0.3.0 (2).zip"
MicroHydroV1_DO_ALL_AddOn_v0.3.0 (3).zip,5,9999,1,"MICRO HYDRO NEW\MicroHydroV1 — SoT\MicroHydroV1\docs\addons\zips\MicroHydroV1_DO_ALL_AddOn_v0.3.0 (3).zip","MICRO HYDRO NEW\MicroHydroV1 — SoT\MicroHydroV1_BACKUP_20260122_005746\MicroHydroV1_DO_ALL_AddOn_v0.3.0 (3).zip","MicroHydroV1 — SoT\MicroHydroV1\MicroHydroV1_DO_ALL_AddOn_v0.3.0 (3).zip","MicroHydroV1_Work\MasterIntegrated_Output\01_SharePoint_Libraries\MicroHydroV1 — SoT\MicroHydroV1\MicroHydroV1_DO_ALL_AddOn_v0.3.0 (3).zip","MicroHydroV1_Work\MasterIntegrated_Output\_stage\top\MicroHydroV1 ΓÇö SoT\MicroHydroV1\MicroHydroV1_DO_ALL_AddOn_v0.3.0 (3).zip"
MicroHydroV1_DO_ALL_AddOn_v0.3.0.zip,6,9999,1,"MICRO HYDRO NEW\MicroHydroV1 — SoT\MicroHydroV1\docs\addons\zips\MicroHydroV1_DO_ALL_AddOn_v0.3.0.zip","MICRO HYDRO NEW\MicroHydroV1 — SoT\MicroHydroV1_BACKUP_20260122_005746\MicroHydroV1_DO_ALL_AddOn_v0.3.0.zip","MicroHydroV1 — SoT\MicroHydroV1\MicroHydroV1_DO_ALL_AddOn_v0.3.0.zip","MicroHydroV1_Work\MasterIntegrated_Output\01_SharePoint_Libraries\MicroHydroV1 — SoT\MicroHydroV1\MicroHydroV1_DO_ALL_AddOn_v0.3.0.zip","MicroHydroV1_Work\MasterIntegrated_Output\03_Packages_Original_Zips\MicroHydroV1_DO_ALL_AddOn_v0.3.0.zip","MicroHydroV1_Work\MasterIntegrated_Output\_stage\top\MicroHydroV1 ΓÇö SoT\MicroHydroV1\MicroHydroV1_DO_ALL_AddOn_v0.3.0.zip"
MicroHydroV1_InModule_Installer.zip,2,3057,1,"MICRO HYDRO NEW\MICRO HYDRO - OLD\RnD\MASTER_PRODUCTION_PACKAGE\MicroHydroV1_CAD Archive\MicroHydroV1_CAD\MicroHydroV1_InModule_Installer.zip","MICRO HYDRO NEW\MICRO HYDRO - OLD\RnD\MASTER_PRODUCTION_PACKAGE 2\MicroHydroV1_\08_Installers\MicroHydroV1_InModule_Installer.zip"
MicroHydroV1_Master.docx,2,36685,1,"MICRO HYDRO NEW\MICRO HYDRO - OLD\RnD\MASTER_PRODUCTION_PACKAGE\MicroHydroV1_CAD Archive\MicroHydroV1_FULL_Workspace\Master_Package\MicroHydroV1_Master.docx","MICRO HYDRO NEW\MICRO HYDRO - OLD\RnD\MASTER_PRODUCTION_PACKAGE 2\MicroHydroV1_\07_Docs\Documentation\MicroHydroV1_Master.docx"
MicroHydroV1_Rebuilt_Clean_Repo_20260122_002842Z.zip,2,366323,1,"MICRO HYDRO NEW\MICRO HYDRO - OLD\RnD\MASTER_PRODUCTION_PACKAGE\MicroHydroV1_Rebuilt_Clean_Repo_20260122_002842Z.zip","MICRO HYDRO NEW\MICRO HYDRO - OLD\RnD\MASTER_PRODUCTION_PACKAGE 2\MicroHydroV1_Rebuilt_Clean_Repo_20260122_002842Z.zip"
MicroHydroV1_RnD_Export (1).xlsx,2,14792,1,"MICRO HYDRO NEW\MICRO HYDRO - OLD\RnD\MASTER_PRODUCTION_PACKAGE\MicroHydroV1_CAD Archive\MicroHydroV1_RnD_Export (1).xlsx","MICRO HYDRO NEW\MICRO HYDRO - OLD\RnD\MASTER_PRODUCTION_PACKAGE 2\MicroHydroV1_\03_Data\RnD_Workbook\MicroHydroV1_RnD_Export (1).xlsx"
MicroHydroV1_RnD_Export_SYNTH.xlsx,2,22485,1,"MICRO HYDRO NEW\MICRO HYDRO - OLD\RnD\MASTER_PRODUCTION_PACKAGE\MicroHydroV1_CAD Archive\MicroHydroV1_RnD_Export_SYNTH.xlsx","MICRO HYDRO NEW\MICRO HYDRO - OLD\RnD\MASTER_PRODUCTION_PACKAGE 2\MicroHydroV1_\03_Data\RnD_Workbook\MicroHydroV1_RnD_Export_SYNTH.xlsx"
MicroHydroV1_RnD_Export.xlsx,9,14792,2,"MICRO HYDRO NEW\MICRO HYDRO - OLD\RnD\MASTER_PRODUCTION_PACKAGE\MicroHydroV1_CAD Archive\MicroHydroV1_RnD_Export.xlsx","MICRO HYDRO NEW\MICRO HYDRO - OLD\RnD\MASTER_PRODUCTION_PACKAGE\MicroHydroV1_CAD Archive\MicroHydroV1_FULL_Workspace\Automation\MicroHydroV1_RnD_Export.xlsx","MICRO HYDRO NEW\MICRO HYDRO - OLD\RnD\MASTER_PRODUCTION_PACKAGE 2\MicroHydroV1_\03_Data\RnD_Workbook\MicroHydroV1_RnD_Export.xlsx","MICRO HYDRO NEW\MicroHydroV1 — SoT\MicroHydroV1\automation\MicroHydroV1_RnD_Export.xlsx","MICRO HYDRO NEW\MicroHydroV1 — SoT\MicroHydroV1_BACKUP_20260122_005746\automation\MicroHydroV1_RnD_Export.xlsx","MicroHydroV1 — SoT\MicroHydroV1\automation\MicroHydroV1_RnD_Export.xlsx","MicroHydroV1_Work\MasterIntegrated_Output\01_SharePoint_Libraries\MicroHydroV1 — SoT\MicroHydroV1\automation\MicroHydroV1_RnD_Export.xlsx","MicroHydroV1_Work\MasterIntegrated_Output\02_Canonical_Working_Tree\MicroHydroV1\automation\MicroHydroV1_RnD_Export.xlsx","MicroHydroV1_Work\MasterIntegrated_Output\_stage\top\MicroHydroV1 ΓÇö SoT\MicroHydroV1\automation\MicroHydroV1_RnD_Export.xlsx"
MicroHydroV1_RnD_FullUpgrade.xlsx,3,16162,1,"MICRO HYDRO NEW\MICRO HYDRO - OLD\RnD\MASTER_PRODUCTION_PACKAGE\MicroHydroV1_CAD Archive\MicroHydroV1_RnD_FullUpgrade.xlsx","MICRO HYDRO NEW\MICRO HYDRO - OLD\RnD\MASTER_PRODUCTION_PACKAGE\MicroHydroV1_CAD Archive\MicroHydroV1_CAD\MicroHydroV1_RnD_FullUpgrade.xlsx","MICRO HYDRO NEW\MICRO HYDRO - OLD\RnD\MASTER_PRODUCTION_PACKAGE 2\MicroHydroV1_\03_Data\RnD_Workbook\MicroHydroV1_RnD_FullUpgrade.xlsx"
MicroHydroV1_RUN3_AutoFill_Evidence_PLUS_Workbook_T002_v0.3.0.zip,6,43613,1,"MICRO HYDRO NEW\MicroHydroV1 — SoT\MicroHydroV1\docs\addons\zips\MicroHydroV1_RUN3_AutoFill_Evidence_PLUS_Workbook_T002_v0.3.0.zip","MICRO HYDRO NEW\MicroHydroV1 — SoT\MicroHydroV1_BACKUP_20260122_005746\MicroHydroV1_RUN3_AutoFill_Evidence_PLUS_Workbook_T002_v0.3.0.zip","MicroHydroV1 — SoT\MicroHydroV1\MicroHydroV1_RUN3_AutoFill_Evidence_PLUS_Workbook_T002_v0.3.0.zip","MicroHydroV1_Work\MasterIntegrated_Output\01_SharePoint_Libraries\MicroHydroV1 — SoT\MicroHydroV1\MicroHydroV1_RUN3_AutoFill_Evidence_PLUS_Workbook_T002_v0.3.0.zip","MicroHydroV1_Work\MasterIntegrated_Output\03_Packages_Original_Zips\MicroHydroV1_RUN3_AutoFill_Evidence_PLUS_Workbook_T002_v0.3.0.zip","MicroHydroV1_Work\MasterIntegrated_Output\_stage\top\MicroHydroV1 ΓÇö SoT\MicroHydroV1\MicroHydroV1_RUN3_AutoFill_Evidence_PLUS_Workbook_T002_v0.3.0.zip"
MicroHydroV1_RUN3_AutoFill_Evidence_v0.3.0.zip,6,40613,1,"MICRO HYDRO NEW\MicroHydroV1 — SoT\MicroHydroV1\docs\addons\zips\MicroHydroV1_RUN3_AutoFill_Evidence_v0.3.0.zip","MICRO HYDRO NEW\MicroHydroV1 — SoT\MicroHydroV1_BACKUP_20260122_005746\MicroHydroV1_RUN3_AutoFill_Evidence_v0.3.0.zip","MicroHydroV1 — SoT\MicroHydroV1\MicroHydroV1_RUN3_AutoFill_Evidence_v0.3.0.zip","MicroHydroV1_Work\MasterIntegrated_Output\01_SharePoint_Libraries\MicroHydroV1 — SoT\MicroHydroV1\MicroHydroV1_RUN3_AutoFill_Evidence_v0.3.0.zip","MicroHydroV1_Work\MasterIntegrated_Output\03_Packages_Original_Zips\MicroHydroV1_RUN3_AutoFill_Evidence_v0.3.0.zip","MicroHydroV1_Work\MasterIntegrated_Output\_stage\top\MicroHydroV1 ΓÇö SoT\MicroHydroV1\MicroHydroV1_RUN3_AutoFill_Evidence_v0.3.0.zip"
MicroHydroV1_RUN3_DoAll_Templates_Plots (1).zip,5,39453,1,"MICRO HYDRO NEW\MicroHydroV1 — SoT\MicroHydroV1\docs\addons\zips\MicroHydroV1_RUN3_DoAll_Templates_Plots (1).zip","MICRO HYDRO NEW\MicroHydroV1 — SoT\MicroHydroV1_BACKUP_20260122_005746\MicroHydroV1_RUN3_DoAll_Templates_Plots (1).zip","MicroHydroV1 — SoT\MicroHydroV1\MicroHydroV1_RUN3_DoAll_Templates_Plots (1).zip","MicroHydroV1_Work\MasterIntegrated_Output\01_SharePoint_Libraries\MicroHydroV1 — SoT\MicroHydroV1\MicroHydroV1_RUN3_DoAll_Templates_Plots (1).zip","MicroHydroV1_Work\MasterIntegrated_Output\_stage\top\MicroHydroV1 ΓÇö SoT\MicroHydroV1\MicroHydroV1_RUN3_DoAll_Templates_Plots (1).zip"
MicroHydroV1_RUN3_DoAll_Templates_Plots.zip,6,39453,1,"MICRO HYDRO NEW\MicroHydroV1 — SoT\MicroHydroV1\docs\addons\zips\MicroHydroV1_RUN3_DoAll_Templates_Plots.zip","MICRO HYDRO NEW\MicroHydroV1 — SoT\MicroHydroV1_BACKUP_20260122_005746\MicroHydroV1_RUN3_DoAll_Templates_Plots.zip","MicroHydroV1 — SoT\MicroHydroV1\MicroHydroV1_RUN3_DoAll_Templates_Plots.zip","MicroHydroV1_Work\MasterIntegrated_Output\01_SharePoint_Libraries\MicroHydroV1 — SoT\MicroHydroV1\MicroHydroV1_RUN3_DoAll_Templates_Plots.zip","MicroHydroV1_Work\MasterIntegrated_Output\03_Packages_Original_Zips\MicroHydroV1_RUN3_DoAll_Templates_Plots.zip","MicroHydroV1_Work\MasterIntegrated_Output\_stage\top\MicroHydroV1 ΓÇö SoT\MicroHydroV1\MicroHydroV1_RUN3_DoAll_Templates_Plots.zip"
MicroHydroV1_SharePoint_Version_Control_Configuration_Guide_v1.0 (1).docx,3,30718,1,"MICRO HYDRO NEW\MicroHydroV1 — Releases\MicroHydroV1_SharePoint_Version_Control_Configuration_Guide_v1.0 (1).docx","MicroHydroV1_Work\MasterIntegrated_Output\01_SharePoint_Libraries\MicroHydroV1 — Releases\MicroHydroV1_SharePoint_Version_Control_Configuration_Guide_v1.0 (1).docx","MicroHydroV1_Work\MasterIntegrated_Output\_stage\top\MicroHydroV1 ΓÇö Releases\MicroHydroV1_SharePoint_Version_Control_Configuration_Guide_v1.0 (1).docx"
MicroHydroV1_SharePoint_Version_Control_Configuration_Guide_v1.0.docx,7,30718,1,"MICRO HYDRO NEW\MicroHydroV1_SharePoint_Version_Control_Configuration_Guide_v1.0.docx","MICRO HYDRO NEW\MicroHydroV1 — SoT\MicroHydroV1\docs\admin\MicroHydroV1_SharePoint_Version_Control_Configuration_Guide_v1.0.docx","MICRO HYDRO NEW\MicroHydroV1 — SoT\MicroHydroV1_BACKUP_20260122_005746\MicroHydroV1_SharePoint_Version_Control_Configuration_Guide_v1.0.docx","MicroHydroV1 — SoT\MicroHydroV1\MicroHydroV1_SharePoint_Version_Control_Configuration_Guide_v1.0.docx","MicroHydroV1_Work\MasterIntegrated_Output\01_SharePoint_Libraries\MicroHydroV1 — SoT\MicroHydroV1\MicroHydroV1_SharePoint_Version_Control_Configuration_Guide_v1.0.docx","MicroHydroV1_Work\MasterIntegrated_Output\02_Canonical_Working_Tree\MicroHydroV1\MicroHydroV1_SharePoint_Version_Control_Configuration_Guide_v1.0.docx","MicroHydroV1_Work\MasterIntegrated_Output\_stage\top\MicroHydroV1 ΓÇö SoT\MicroHydroV1\MicroHydroV1_SharePoint_Version_Control_Configuration_Guide_v1.0.docx"
MicroHydroV1_StageB_Package.zip,2,82758,1,"MICRO HYDRO NEW\MICRO HYDRO - OLD\RnD\MASTER_PRODUCTION_PACKAGE\MicroHydroV1_CAD Archive\MicroHydroV1_StageB_Package.zip","MICRO HYDRO NEW\MICRO HYDRO - OLD\RnD\MASTER_PRODUCTION_PACKAGE 2\MicroHydroV1_\09_Packages\original\MicroHydroV1_StageB_Package.zip"
MicroHydroV1_v0.3.0_FULL_LOCKED_PressurePa (1).zip,5,2065500,1,"MICRO HYDRO NEW\MicroHydroV1 — SoT\MicroHydroV1\docs\addons\zips\MicroHydroV1_v0.3.0_FULL_LOCKED_PressurePa (1).zip","MICRO HYDRO NEW\MicroHydroV1 — SoT\MicroHydroV1_BACKUP_20260122_005746\MicroHydroV1_v0.3.0_FULL_LOCKED_PressurePa (1).zip","MicroHydroV1 — SoT\MicroHydroV1\MicroHydroV1_v0.3.0_FULL_LOCKED_PressurePa (1).zip","MicroHydroV1_Work\MasterIntegrated_Output\01_SharePoint_Libraries\MicroHydroV1 — SoT\MicroHydroV1\MicroHydroV1_v0.3.0_FULL_LOCKED_PressurePa (1).zip","MicroHydroV1_Work\MasterIntegrated_Output\_stage\top\MicroHydroV1 ΓÇö SoT\MicroHydroV1\MicroHydroV1_v0.3.0_FULL_LOCKED_PressurePa (1).zip"
MicroHydroV1_v0.3.0_FULL_LOCKED_PressurePa.zip,6,2065500,1,"MICRO HYDRO NEW\MicroHydroV1 — SoT\MicroHydroV1\docs\addons\zips\MicroHydroV1_v0.3.0_FULL_LOCKED_PressurePa.zip","MICRO HYDRO NEW\MicroHydroV1 — SoT\MicroHydroV1_BACKUP_20260122_005746\MicroHydroV1_v0.3.0_FULL_LOCKED_PressurePa.zip","MicroHydroV1 — SoT\MicroHydroV1\MicroHydroV1_v0.3.0_FULL_LOCKED_PressurePa.zip","MicroHydroV1_Work\MasterIntegrated_Output\01_SharePoint_Libraries\MicroHydroV1 — SoT\MicroHydroV1\MicroHydroV1_v0.3.0_FULL_LOCKED_PressurePa.zip","MicroHydroV1_Work\MasterIntegrated_Output\03_Packages_Original_Zips\MicroHydroV1_v0.3.0_FULL_LOCKED_PressurePa.zip","MicroHydroV1_Work\MasterIntegrated_Output\_stage\top\MicroHydroV1 ΓÇö SoT\MicroHydroV1\MicroHydroV1_v0.3.0_FULL_LOCKED_PressurePa.zip"
migrate_add_run_id.py,6,4868,1,"MICRO HYDRO NEW\MicroHydroV1 — SoT\MicroHydroV1\docs\addons\MicroHydroV1_RunID_Migrator_v0.3.0\MicroHydroV1\tools\workflow\migrate_add_run_id.py","MICRO HYDRO NEW\MicroHydroV1 — SoT\MicroHydroV1_BACKUP_20260122_005746\MicroHydroV1_RunID_Migrator_v0.3.0\MicroHydroV1\tools\workflow\migrate_add_run_id.py","MicroHydroV1 — SoT\MicroHydroV1\MicroHydroV1_RunID_Migrator_v0.3.0\MicroHydroV1\tools\workflow\migrate_add_run_id.py","MicroHydroV1_Work\MasterIntegrated_Output\01_SharePoint_Libraries\MicroHydroV1 — SoT\MicroHydroV1\MicroHydroV1_RunID_Migrator_v0.3.0\MicroHydroV1\tools\workflow\migrate_add_run_id.py","MicroHydroV1_Work\MasterIntegrated_Output\02_Canonical_Working_Tree\MicroHydroV1\MicroHydroV1_RunID_Migrator_v0.3.0\MicroHydroV1\tools\workflow\migrate_add_run_id.py","MicroHydroV1_Work\MasterIntegrated_Output\_stage\top\MicroHydroV1 ΓÇö SoT\MicroHydroV1\MicroHydroV1_RunID_Migrator_v0.3.0\MicroHydroV1\tools\workflow\migrate_add_run_id.py"
Nozzle_9mm_PreSwirl_Design.docx,2,13200,1,"MICRO HYDRO NEW\MICRO HYDRO - OLD\RnD\MASTER_PRODUCTION_PACKAGE\New Folder With Items\10_Design_VNext\02_Nozzle_9mm_PreSwirl\Nozzle_9mm_PreSwirl_Design.docx","MICRO HYDRO NEW\MICRO HYDRO - OLD\RnD\MASTER_PRODUCTION_PACKAGE 2\10_Design_VNext\02_Nozzle_9mm_PreSwirl\Nozzle_9mm_PreSwirl_Design.docx"
Nozzle_9mm_PreSwirl_Drawing.svg.docx,2,13195,1,"MICRO HYDRO NEW\MICRO HYDRO - OLD\RnD\MASTER_PRODUCTION_PACKAGE\New Folder With Items\10_Design_VNext\02_Nozzle_9mm_PreSwirl\Nozzle_9mm_PreSwirl_Drawing.svg.docx","MICRO HYDRO NEW\MICRO HYDRO - OLD\RnD\MASTER_PRODUCTION_PACKAGE 2\10_Design_VNext\02_Nozzle_9mm_PreSwirl\Nozzle_9mm_PreSwirl_Drawing.svg.docx"
NOZZLE_DATA_RUN2.xlsx,2,8465,1,"MICRO HYDRO NEW\MICRO HYDRO - OLD\RnD\MASTER_PRODUCTION_PACKAGE\New Folder With Items\07_Turbine_Optimization_Unit\NOZZLE_DATA_RUN2.xlsx","MICRO HYDRO NEW\MICRO HYDRO - OLD\RnD\MASTER_PRODUCTION_PACKAGE 2\07_Turbine_Optimization_Unit\NOZZLE_DATA_RUN2.xlsx"
Nozzle_PreSwirl_BOM.xlsx,2,8459,1,"MICRO HYDRO NEW\MICRO HYDRO - OLD\RnD\MASTER_PRODUCTION_PACKAGE\New Folder With Items\10_Design_VNext\02_Nozzle_9mm_PreSwirl\Nozzle_PreSwirl_BOM.xlsx","MICRO HYDRO NEW\MICRO HYDRO - OLD\RnD\MASTER_PRODUCTION_PACKAGE 2\10_Design_VNext\02_Nozzle_9mm_PreSwirl\Nozzle_PreSwirl_BOM.xlsx"
Nozzle_Profile_Revolve.dxf,2,335,2,"MICRO HYDRO NEW\MicroHydroV1_Shapr3D_ReferenceModel\DXF\Nozzle_Profile_Revolve.dxf","MICRO HYDRO NEW\MicroHydroV1_Shapr3D_ReferenceModel_v2\DXF_R12\Nozzle_Profile_Revolve.dxf"
NOZZLE_Sweep_RUN2.docx,2,13196,1,"MICRO HYDRO NEW\MICRO HYDRO - OLD\RnD\MASTER_PRODUCTION_PACKAGE\New Folder With Items\07_Turbine_Optimization_Unit\NOZZLE_Sweep_RUN2.docx","MICRO HYDRO NEW\MICRO HYDRO - OLD\RnD\MASTER_PRODUCTION_PACKAGE 2\07_Turbine_Optimization_Unit\NOZZLE_Sweep_RUN2.docx"
opt_config.json,6,1248,1,"MICRO HYDRO NEW\MicroHydroV1 — SoT\MicroHydroV1\tools\optimize\opt_config.json","MICRO HYDRO NEW\MicroHydroV1 — SoT\MicroHydroV1_BACKUP_20260122_005746\tools\optimize\opt_config.json","MicroHydroV1 — SoT\MicroHydroV1\tools\optimize\opt_config.json","MicroHydroV1_Work\MasterIntegrated_Output\01_SharePoint_Libraries\MicroHydroV1 — SoT\MicroHydroV1\tools\optimize\opt_config.json","MicroHydroV1_Work\MasterIntegrated_Output\02_Canonical_Working_Tree\MicroHydroV1\tools\optimize\opt_config.json","MicroHydroV1_Work\MasterIntegrated_Output\_stage\top\MicroHydroV1 ΓÇö SoT\MicroHydroV1\tools\optimize\opt_config.json"
optimize_params.py,6,7366,2,"MICRO HYDRO NEW\MicroHydroV1 — SoT\MicroHydroV1\tools\optimize\optimize_params.py","MICRO HYDRO NEW\MicroHydroV1 — SoT\MicroHydroV1_BACKUP_20260122_005746\tools\optimize\optimize_params.py","MicroHydroV1 — SoT\MicroHydroV1\tools\optimize\optimize_params.py","MicroHydroV1_Work\MasterIntegrated_Output\01_SharePoint_Libraries\MicroHydroV1 — SoT\MicroHydroV1\tools\optimize\optimize_params.py","MicroHydroV1_Work\MasterIntegrated_Output\02_Canonical_Working_Tree\MicroHydroV1\tools\optimize\optimize_params.py","MicroHydroV1_Work\MasterIntegrated_Output\_stage\top\MicroHydroV1 ΓÇö SoT\MicroHydroV1\tools\optimize\optimize_params.py"
Parametric_Values.md,2,1132,2,"MICRO HYDRO NEW\MicroHydroV1_Shapr3D_ReferenceModel\Docs\Parametric_Values.md","MICRO HYDRO NEW\MicroHydroV1_Shapr3D_ReferenceModel_v2\Docs\Parametric_Values.md"
params.json,24,689,7,"MICRO HYDRO NEW\MICRO HYDRO - OLD\RnD\MASTER_PRODUCTION_PACKAGE\MicroHydroV1_CAD Archive\MicroHydroV1_CAD\params.json","MICRO HYDRO NEW\MICRO HYDRO - OLD\RnD\MASTER_PRODUCTION_PACKAGE\MicroHydroV1_CAD Archive\MicroHydroV1_CAD\MicroHydroV1\CAD\params.json","MICRO HYDRO NEW\MICRO HYDRO - OLD\RnD\MASTER_PRODUCTION_PACKAGE\MicroHydroV1_CAD Archive\MicroHydroV1_CAD (1)old\params.json","MICRO HYDRO NEW\MICRO HYDRO - OLD\RnD\MASTER_PRODUCTION_PACKAGE\MicroHydroV1_CAD Archive\MicroHydroV1_CAD (1)old\MacroSuiteFull\params.json","MICRO HYDRO NEW\MICRO HYDRO - OLD\RnD\MASTER_PRODUCTION_PACKAGE\MicroHydroV1_CAD Archive\MicroHydroV1_CAD_FIXED\params.json","MICRO HYDRO NEW\MICRO HYDRO - OLD\RnD\MASTER_PRODUCTION_PACKAGE\MicroHydroV1_CAD Archive\MicroHydroV1_FULL_Workspace\CAD\Params\params.json","MICRO HYDRO NEW\MICRO HYDRO - OLD\RnD\MASTER_PRODUCTION_PACKAGE\New Folder With Items\params.json","MICRO HYDRO NEW\MICRO HYDRO - OLD\RnD\MASTER_PRODUCTION_PACKAGE 2\params.json","MICRO HYDRO NEW\MICRO HYDRO - OLD\RnD\MASTER_PRODUCTION_PACKAGE 2\MicroHydroV1_\01_CAD\params\params.json","MICRO HYDRO NEW\MicroHydroV1\cad\params\params.json","MICRO HYDRO NEW\MicroHydroV1 — SoT\MicroHydroV1\cad\macros\params.json","MICRO HYDRO NEW\MicroHydroV1 — SoT\MicroHydroV1\cad\params\params.json","MICRO HYDRO NEW\MicroHydroV1 — SoT\MicroHydroV1_BACKUP_20260122_005746\cad\macros\params.json","MICRO HYDRO NEW\MicroHydroV1 — SoT\MicroHydroV1_BACKUP_20260122_005746\cad\params\params.json","MICRO HYDRO NEW\MicroHydroV1_Shapr3D_ReferenceModel\params.json","MICRO HYDRO NEW\MicroHydroV1_Shapr3D_ReferenceModel_v2\params.json","MicroHydroV1 — SoT\MicroHydroV1\cad\macros\params.json","MicroHydroV1 — SoT\MicroHydroV1\cad\params\params.json","MicroHydroV1_Work\MasterIntegrated_Output\01_SharePoint_Libraries\MicroHydroV1 — SoT\MicroHydroV1\cad\macros\params.json","MicroHydroV1_Work\MasterIntegrated_Output\01_SharePoint_Libraries\MicroHydroV1 — SoT\MicroHydroV1\cad\params\params.json","MicroHydroV1_Work\MasterIntegrated_Output\02_Canonical_Working_Tree\MicroHydroV1\cad\macros\params.json","MicroHydroV1_Work\MasterIntegrated_Output\02_Canonical_Working_Tree\MicroHydroV1\cad\params\params.json","MicroHydroV1_Work\MasterIntegrated_Output\_stage\top\MicroHydroV1 ΓÇö SoT\MicroHydroV1\cad\macros\params.json","MicroHydroV1_Work\MasterIntegrated_Output\_stage\top\MicroHydroV1 ΓÇö SoT\MicroHydroV1\cad\params\params.json"
PASS_A_FULL_Populated_v2.docx,2,52904,1,"MICRO HYDRO NEW\MICRO HYDRO - OLD\RnD\MASTER_PRODUCTION_PACKAGE\New Folder With Items\14_Reports\PASS_A_FULL_Populated_v2.docx","MICRO HYDRO NEW\MICRO HYDRO - OLD\RnD\MASTER_PRODUCTION_PACKAGE 2\14_Reports\PASS_A_FULL_Populated_v2.docx"
PASS_A_FULL_RevA.docx,8,53411,1,"MICRO HYDRO NEW\MICRO HYDRO - OLD\RnD\MASTER_PRODUCTION_PACKAGE\New Folder With Items\14_Reports\PASS_A_FULL_RevA.docx","MICRO HYDRO NEW\MICRO HYDRO - OLD\RnD\MASTER_PRODUCTION_PACKAGE 2\14_Reports\PASS_A_FULL_RevA.docx","MICRO HYDRO NEW\MicroHydroV1 — SoT\MicroHydroV1\docs\PASS_A_FULL_RevA.docx","MICRO HYDRO NEW\MicroHydroV1 — SoT\MicroHydroV1_BACKUP_20260122_005746\docs\PASS_A_FULL_RevA.docx","MicroHydroV1 — SoT\MicroHydroV1\docs\PASS_A_FULL_RevA.docx","MicroHydroV1_Work\MasterIntegrated_Output\01_SharePoint_Libraries\MicroHydroV1 — SoT\MicroHydroV1\docs\PASS_A_FULL_RevA.docx","MicroHydroV1_Work\MasterIntegrated_Output\02_Canonical_Working_Tree\MicroHydroV1\docs\PASS_A_FULL_RevA.docx","MicroHydroV1_Work\MasterIntegrated_Output\_stage\top\MicroHydroV1 ΓÇö SoT\MicroHydroV1\docs\PASS_A_FULL_RevA.docx"
PASS_A_FULL.docx,2,13273,1,"MICRO HYDRO NEW\MICRO HYDRO - OLD\RnD\MASTER_PRODUCTION_PACKAGE\New Folder With Items\14_Reports\PASS_A_FULL.docx","MICRO HYDRO NEW\MICRO HYDRO - OLD\RnD\MASTER_PRODUCTION_PACKAGE 2\14_Reports\PASS_A_FULL.docx"
patched_macros_with_params.zip,2,1651,1,"MICRO HYDRO NEW\MICRO HYDRO - OLD\RnD\MASTER_PRODUCTION_PACKAGE\MicroHydroV1_CAD Archive\MicroHydroV1_CAD\patched_macros_with_params.zip","MICRO HYDRO NEW\MICRO HYDRO - OLD\RnD\MASTER_PRODUCTION_PACKAGE 2\MicroHydroV1_\09_Packages\original\patched_macros_with_params.zip"
Patent_Index.xlsx,2,8456,1,"MICRO HYDRO NEW\MICRO HYDRO - OLD\RnD\MASTER_PRODUCTION_PACKAGE\New Folder With Items\12_Patents\Patent_Index.xlsx","MICRO HYDRO NEW\MICRO HYDRO - OLD\RnD\MASTER_PRODUCTION_PACKAGE 2\12_Patents\Patent_Index.xlsx"
PATENT_PASSB_Full.docx,2,13199,1,"MICRO HYDRO NEW\MICRO HYDRO - OLD\RnD\MASTER_PRODUCTION_PACKAGE\New Folder With Items\12_Patents\PATENT_PASSB_Full.docx","MICRO HYDRO NEW\MICRO HYDRO - OLD\RnD\MASTER_PRODUCTION_PACKAGE 2\12_Patents\PATENT_PASSB_Full.docx"
PENSTOCK_FLOW_DATA.xlsx,2,8466,1,"MICRO HYDRO NEW\MICRO HYDRO - OLD\RnD\MASTER_PRODUCTION_PACKAGE\New Folder With Items\06_Penstock_Flow_Unit\PENSTOCK_FLOW_DATA.xlsx","MICRO HYDRO NEW\MICRO HYDRO - OLD\RnD\MASTER_PRODUCTION_PACKAGE 2\06_Penstock_Flow_Unit\PENSTOCK_FLOW_DATA.xlsx"
PENSTOCK_Selection_RUN2.docx,2,13193,1,"MICRO HYDRO NEW\MICRO HYDRO - OLD\RnD\MASTER_PRODUCTION_PACKAGE\New Folder With Items\06_Penstock_Flow_Unit\PENSTOCK_Selection_RUN2.docx","MICRO HYDRO NEW\MICRO HYDRO - OLD\RnD\MASTER_PRODUCTION_PACKAGE 2\06_Penstock_Flow_Unit\PENSTOCK_Selection_RUN2.docx"
plot_t002_psd_peakiness.py,14,3204,1,"MICRO HYDRO NEW\MicroHydroV1 — SoT\MicroHydroV1\docs\addons\MicroHydroV1_RUN3_AutoFill_Evidence_PLUS_Workbook_v0.3.0\MicroHydroV1\tools\plots\plot_t002_psd_peakiness.py","MICRO HYDRO NEW\MicroHydroV1 — SoT\MicroHydroV1\docs\addons\MicroHydroV1_RUN3_AutoFill_Evidence_RUNID_BASELINE_v0.3.0\MicroHydroV1\tools\plots\plot_t002_psd_peakiness.py","MICRO HYDRO NEW\MicroHydroV1 — SoT\MicroHydroV1\tools\plots\plot_t002_psd_peakiness.py","MICRO HYDRO NEW\MicroHydroV1 — SoT\MicroHydroV1_BACKUP_20260122_005746\MicroHydroV1_RUN3_AutoFill_Evidence_PLUS_Workbook_v0.3.0\MicroHydroV1\tools\plots\plot_t002_psd_peakiness.py","MICRO HYDRO NEW\MicroHydroV1 — SoT\MicroHydroV1_BACKUP_20260122_005746\MicroHydroV1_RUN3_AutoFill_Evidence_RUNID_BASELINE_v0.3.0\MicroHydroV1\tools\plots\plot_t002_psd_peakiness.py","MicroHydroV1 — SoT\MicroHydroV1\MicroHydroV1_RUN3_AutoFill_Evidence_PLUS_Workbook_v0.3.0\MicroHydroV1\tools\plots\plot_t002_psd_peakiness.py","MicroHydroV1 — SoT\MicroHydroV1\MicroHydroV1_RUN3_AutoFill_Evidence_RUNID_BASELINE_v0.3.0\MicroHydroV1\tools\plots\plot_t002_psd_peakiness.py","MicroHydroV1_Work\MasterIntegrated_Output\01_SharePoint_Libraries\MicroHydroV1 — SoT\MicroHydroV1\MicroHydroV1_RUN3_AutoFill_Evidence_PLUS_Workbook_v0.3.0\MicroHydroV1\tools\plots\plot_t002_psd_peakiness.py","MicroHydroV1_Work\MasterIntegrated_Output\01_SharePoint_Libraries\MicroHydroV1 — SoT\MicroHydroV1\MicroHydroV1_RUN3_AutoFill_Evidence_RUNID_BASELINE_v0.3.0\MicroHydroV1\tools\plots\plot_t002_psd_peakiness.py","MicroHydroV1_Work\MasterIntegrated_Output\02_Canonical_Working_Tree\MicroHydroV1\MicroHydroV1_RUN3_AutoFill_Evidence_PLUS_Workbook_v0.3.0\MicroHydroV1\tools\plots\plot_t002_psd_peakiness.py","MicroHydroV1_Work\MasterIntegrated_Output\02_Canonical_Working_Tree\MicroHydroV1\MicroHydroV1_RUN3_AutoFill_Evidence_RUNID_BASELINE_v0.3.0\MicroHydroV1\tools\plots\plot_t002_psd_peakiness.py","MicroHydroV1_Work\MasterIntegrated_Output\02_Canonical_Working_Tree\MicroHydroV1\tools\plots\plot_t002_psd_peakiness.py","MicroHydroV1_Work\MasterIntegrated_Output\_stage\top\MicroHydroV1 ΓÇö SoT\MicroHydroV1\MicroHydroV1_RUN3_AutoFill_Evidence_PLUS_Workbook_v0.3.0\MicroHydroV1\tools\plots\plot_t002_psd_peakiness.py","MicroHydroV1_Work\MasterIntegrated_Output\_stage\top\MicroHydroV1 ΓÇö SoT\MicroHydroV1\MicroHydroV1_RUN3_AutoFill_Evidence_RUNID_BASELINE_v0.3.0\MicroHydroV1\tools\plots\plot_t002_psd_peakiness.py"
policy_config.json,2,972,1,"MicroHydroV1_Work\MasterIntegrated_Output\05_Tools\policy_config.json","MicroHydroV1_Work\tools\policy_config.json"
PowerAutomate_Flows_SoT_to_Release.md,2,719,1,"MICRO HYDRO NEW\MicroHydroV1 — SoT\MicroHydroV1\docs\automation\PowerAutomate_Flows_SoT_to_Release.md","MicroHydroV1_Work\MasterIntegrated_Output\02_Canonical_Working_Tree\MicroHydroV1\docs\automation\PowerAutomate_Flows_SoT_to_Release.md"
Program_Readout_Executive_Summary.docx,2,13197,1,"MICRO HYDRO NEW\MICRO HYDRO - OLD\RnD\MASTER_PRODUCTION_PACKAGE\New Folder With Items\14_Reports\Program_Readout_Executive_Summary.docx","MICRO HYDRO NEW\MICRO HYDRO - OLD\RnD\MASTER_PRODUCTION_PACKAGE 2\14_Reports\Program_Readout_Executive_Summary.docx"
PT_Calibration_PressurePa_TimeS_100Hz.xlsx,2,11608,1,"MICRO HYDRO NEW\MicroHydroV1 — SoT\MicroHydroV1\docs\templates\PT_Calibration_PressurePa_TimeS_100Hz.xlsx","MicroHydroV1_Work\MasterIntegrated_Output\02_Canonical_Working_Tree\MicroHydroV1\docs\templates\PT_Calibration_PressurePa_TimeS_100Hz.xlsx"
README_AUTOFILL.md,14,717,3,"MICRO HYDRO NEW\MicroHydroV1 — SoT\MicroHydroV1\docs\addons\MicroHydroV1_RUN3_AutoFill_Evidence_PLUS_Workbook_v0.3.0\MicroHydroV1\docs\run3\README_AUTOFILL.md","MICRO HYDRO NEW\MicroHydroV1 — SoT\MicroHydroV1\docs\addons\MicroHydroV1_RUN3_AutoFill_Evidence_RUNID_BASELINE_v0.3.0\MicroHydroV1\docs\run3\README_AUTOFILL.md","MICRO HYDRO NEW\MicroHydroV1 — SoT\MicroHydroV1\docs\run3\README_AUTOFILL.md","MICRO HYDRO NEW\MicroHydroV1 — SoT\MicroHydroV1_BACKUP_20260122_005746\MicroHydroV1_RUN3_AutoFill_Evidence_PLUS_Workbook_v0.3.0\MicroHydroV1\docs\run3\README_AUTOFILL.md","MICRO HYDRO NEW\MicroHydroV1 — SoT\MicroHydroV1_BACKUP_20260122_005746\MicroHydroV1_RUN3_AutoFill_Evidence_RUNID_BASELINE_v0.3.0\MicroHydroV1\docs\run3\README_AUTOFILL.md","MicroHydroV1 — SoT\MicroHydroV1\MicroHydroV1_RUN3_AutoFill_Evidence_PLUS_Workbook_v0.3.0\MicroHydroV1\docs\run3\README_AUTOFILL.md","MicroHydroV1 — SoT\MicroHydroV1\MicroHydroV1_RUN3_AutoFill_Evidence_RUNID_BASELINE_v0.3.0\MicroHydroV1\docs\run3\README_AUTOFILL.md","MicroHydroV1_Work\MasterIntegrated_Output\01_SharePoint_Libraries\MicroHydroV1 — SoT\MicroHydroV1\MicroHydroV1_RUN3_AutoFill_Evidence_PLUS_Workbook_v0.3.0\MicroHydroV1\docs\run3\README_AUTOFILL.md","MicroHydroV1_Work\MasterIntegrated_Output\01_SharePoint_Libraries\MicroHydroV1 — SoT\MicroHydroV1\MicroHydroV1_RUN3_AutoFill_Evidence_RUNID_BASELINE_v0.3.0\MicroHydroV1\docs\run3\README_AUTOFILL.md","MicroHydroV1_Work\MasterIntegrated_Output\02_Canonical_Working_Tree\MicroHydroV1\docs\run3\README_AUTOFILL.md","MicroHydroV1_Work\MasterIntegrated_Output\02_Canonical_Working_Tree\MicroHydroV1\MicroHydroV1_RUN3_AutoFill_Evidence_PLUS_Workbook_v0.3.0\MicroHydroV1\docs\run3\README_AUTOFILL.md","MicroHydroV1_Work\MasterIntegrated_Output\02_Canonical_Working_Tree\MicroHydroV1\MicroHydroV1_RUN3_AutoFill_Evidence_RUNID_BASELINE_v0.3.0\MicroHydroV1\docs\run3\README_AUTOFILL.md","MicroHydroV1_Work\MasterIntegrated_Output\_stage\top\MicroHydroV1 ΓÇö SoT\MicroHydroV1\MicroHydroV1_RUN3_AutoFill_Evidence_PLUS_Workbook_v0.3.0\MicroHydroV1\docs\run3\README_AUTOFILL.md","MicroHydroV1_Work\MasterIntegrated_Output\_stage\top\MicroHydroV1 ΓÇö SoT\MicroHydroV1\MicroHydroV1_RUN3_AutoFill_Evidence_RUNID_BASELINE_v0.3.0\MicroHydroV1\docs\run3\README_AUTOFILL.md"
README_Calibration_and_AutoEmbed.md,2,701,1,"MICRO HYDRO NEW\MicroHydroV1 — SoT\MicroHydroV1\docs\automation\README_Calibration_and_AutoEmbed.md","MicroHydroV1_Work\MasterIntegrated_Output\02_Canonical_Working_Tree\MicroHydroV1\docs\automation\README_Calibration_and_AutoEmbed.md"
README_DO_ALL.md,2,477,1,"MICRO HYDRO NEW\MicroHydroV1 — SoT\MicroHydroV1\docs\automation\README_DO_ALL.md","MicroHydroV1_Work\MasterIntegrated_Output\02_Canonical_Working_Tree\MicroHydroV1\docs\automation\README_DO_ALL.md"
README_IMPORT.md,2,1300,1,"MICRO HYDRO NEW\MICRO HYDRO - OLD\RnD\MASTER_PRODUCTION_PACKAGE\New Folder With Items\README_IMPORT.md","MICRO HYDRO NEW\MICRO HYDRO - OLD\RnD\MASTER_PRODUCTION_PACKAGE 2\README_IMPORT.md"
README_Importer_RunID_Patch.md,6,1154,1,"MICRO HYDRO NEW\MicroHydroV1 — SoT\MicroHydroV1\docs\addons\MicroHydroV1_Importer_RunID_Patch_v0.3.0\MicroHydroV1\docs\governance\README_Importer_RunID_Patch.md","MICRO HYDRO NEW\MicroHydroV1 — SoT\MicroHydroV1_BACKUP_20260122_005746\MicroHydroV1_Importer_RunID_Patch_v0.3.0\MicroHydroV1\docs\governance\README_Importer_RunID_Patch.md","MicroHydroV1 — SoT\MicroHydroV1\MicroHydroV1_Importer_RunID_Patch_v0.3.0\MicroHydroV1\docs\governance\README_Importer_RunID_Patch.md","MicroHydroV1_Work\MasterIntegrated_Output\01_SharePoint_Libraries\MicroHydroV1 — SoT\MicroHydroV1\MicroHydroV1_Importer_RunID_Patch_v0.3.0\MicroHydroV1\docs\governance\README_Importer_RunID_Patch.md","MicroHydroV1_Work\MasterIntegrated_Output\02_Canonical_Working_Tree\MicroHydroV1\MicroHydroV1_Importer_RunID_Patch_v0.3.0\MicroHydroV1\docs\governance\README_Importer_RunID_Patch.md","MicroHydroV1_Work\MasterIntegrated_Output\_stage\top\MicroHydroV1 ΓÇö SoT\MicroHydroV1\MicroHydroV1_Importer_RunID_Patch_v0.3.0\MicroHydroV1\docs\governance\README_Importer_RunID_Patch.md"
README_RunID_Migration.md,6,830,1,"MICRO HYDRO NEW\MicroHydroV1 — SoT\MicroHydroV1\docs\addons\MicroHydroV1_RunID_Migrator_v0.3.0\MicroHydroV1\docs\governance\README_RunID_Migration.md","MICRO HYDRO NEW\MicroHydroV1 — SoT\MicroHydroV1_BACKUP_20260122_005746\MicroHydroV1_RunID_Migrator_v0.3.0\MicroHydroV1\docs\governance\README_RunID_Migration.md","MicroHydroV1 — SoT\MicroHydroV1\MicroHydroV1_RunID_Migrator_v0.3.0\MicroHydroV1\docs\governance\README_RunID_Migration.md","MicroHydroV1_Work\MasterIntegrated_Output\01_SharePoint_Libraries\MicroHydroV1 — SoT\MicroHydroV1\MicroHydroV1_RunID_Migrator_v0.3.0\MicroHydroV1\docs\governance\README_RunID_Migration.md","MicroHydroV1_Work\MasterIntegrated_Output\02_Canonical_Working_Tree\MicroHydroV1\MicroHydroV1_RunID_Migrator_v0.3.0\MicroHydroV1\docs\governance\README_RunID_Migration.md","MicroHydroV1_Work\MasterIntegrated_Output\_stage\top\MicroHydroV1 ΓÇö SoT\MicroHydroV1\MicroHydroV1_RunID_Migrator_v0.3.0\MicroHydroV1\docs\governance\README_RunID_Migration.md"
README.md,15,898,10,"MICRO HYDRO NEW\MICRO HYDRO - OLD\RnD\MASTER_PRODUCTION_PACKAGE\MicroHydroV1_CAD Archive\MicroHydroV1_CAD\MicroHydroV1_InModule_Installer\README.md","MICRO HYDRO NEW\MICRO HYDRO - OLD\RnD\MASTER_PRODUCTION_PACKAGE 2\MicroHydroV1_\08_Installers\README.md","MICRO HYDRO NEW\MicroHydroV1\README.md","MICRO HYDRO NEW\MicroHydroV1\automation\README.md","MICRO HYDRO NEW\MicroHydroV1\cad\README.md","MICRO HYDRO NEW\MicroHydroV1\data\README.md","MICRO HYDRO NEW\MicroHydroV1\docs\README.md","MICRO HYDRO NEW\MicroHydroV1\tests\README.md","MICRO HYDRO NEW\MicroHydroV1 — SoT\MicroHydroV1\README.md","MICRO HYDRO NEW\MicroHydroV1 — SoT\MicroHydroV1_BACKUP_20260122_005746\README.md","MicroHydroV1 — SoT\MicroHydroV1\README.md","MicroHydroV1_Work\MasterIntegrated_Output\01_SharePoint_Libraries\MicroHydroV1 — SoT\MicroHydroV1\README.md","MicroHydroV1_Work\MasterIntegrated_Output\02_Canonical_Working_Tree\MicroHydroV1\README.md","MicroHydroV1_Work\MasterIntegrated_Output\_stage\top\MicroHydroV1 ΓÇö SoT\MicroHydroV1\README.md","MicroHydroV1_Work\tools\README.md"
README.md.docx,2,13193,1,"MICRO HYDRO NEW\MICRO HYDRO - OLD\RnD\MASTER_PRODUCTION_PACKAGE\New Folder With Items\README.md.docx","MICRO HYDRO NEW\MICRO HYDRO - OLD\RnD\MASTER_PRODUCTION_PACKAGE 2\README.md.docx"
README.txt,17,119,9,"MICRO HYDRO NEW\MICRO HYDRO - OLD\RnD\MASTER_PRODUCTION_PACKAGE\MicroHydroV1_CAD Archive\MicroHydroV1_CAD\README.txt","MICRO HYDRO NEW\MICRO HYDRO - OLD\RnD\MASTER_PRODUCTION_PACKAGE\MicroHydroV1_CAD Archive\MicroHydroV1_CAD_FIXED\README.txt","MICRO HYDRO NEW\MICRO HYDRO - OLD\RnD\MASTER_PRODUCTION_PACKAGE\MicroHydroV1_CAD Archive\MicroHydroV1_FullUpgrade_All\Governance\README.txt","MICRO HYDRO NEW\MICRO HYDRO - OLD\RnD\MASTER_PRODUCTION_PACKAGE\MicroHydroV1_CAD Archive\MicroHydroV1_FullUpgrade_All\RnD\README.txt","MICRO HYDRO NEW\MICRO HYDRO - OLD\RnD\MASTER_PRODUCTION_PACKAGE\MicroHydroV1_CAD Archive\MicroHydroV1_FullUpgrade_All\StageB\README.txt","MICRO HYDRO NEW\MICRO HYDRO - OLD\RnD\MASTER_PRODUCTION_PACKAGE\MicroHydroV1_CAD Archive\MicroHydroV1_FullUpgrade_All\TankTests\T001\README.txt","MICRO HYDRO NEW\MICRO HYDRO - OLD\RnD\MASTER_PRODUCTION_PACKAGE\MicroHydroV1_CAD Archive\MicroHydroV1_FullUpgrade_All\TankTests\T002\README.txt","MICRO HYDRO NEW\MICRO HYDRO - OLD\RnD\MASTER_PRODUCTION_PACKAGE\MicroHydroV1_CAD Archive\MicroHydroV1_SyntheticPackage\README.txt","MICRO HYDRO NEW\MICRO HYDRO - OLD\RnD\MASTER_PRODUCTION_PACKAGE 2\MicroHydroV1_\07_Docs\Documentation\README.txt","MICRO HYDRO NEW\MICRO HYDRO - OLD\RnD\NextChat_Package\README.txt","MICRO HYDRO NEW\MicroHydroV1 — SoT\MicroHydroV1\cad\macros\README.txt","MICRO HYDRO NEW\MicroHydroV1 — SoT\MicroHydroV1_BACKUP_20260122_005746\cad\macros\README.txt","MICRO HYDRO NEW\MicroHydroV1_InitGui_PATCH\README.txt","MicroHydroV1 — SoT\MicroHydroV1\cad\macros\README.txt","MicroHydroV1_Work\MasterIntegrated_Output\01_SharePoint_Libraries\MicroHydroV1 — SoT\MicroHydroV1\cad\macros\README.txt","MicroHydroV1_Work\MasterIntegrated_Output\02_Canonical_Working_Tree\MicroHydroV1\cad\macros\README.txt","MicroHydroV1_Work\MasterIntegrated_Output\_stage\top\MicroHydroV1 ΓÇö SoT\MicroHydroV1\cad\macros\README.txt"
Refinement_Prompts.docx,2,37199,1,"MICRO HYDRO NEW\MICRO HYDRO - OLD\RnD\MASTER_PRODUCTION_PACKAGE\New Folder With Items\Refinement_Prompts.docx","MICRO HYDRO NEW\MICRO HYDRO - OLD\RnD\MASTER_PRODUCTION_PACKAGE 2\Refinement_Prompts.docx"
Requirements_Traceabillity.docx,2,13197,1,"MICRO HYDRO NEW\MICRO HYDRO - OLD\RnD\MASTER_PRODUCTION_PACKAGE\New Folder With Items\02_Targeted_Design_RnD\Requirements_Traceabillity.docx","MICRO HYDRO NEW\MICRO HYDRO - OLD\RnD\MASTER_PRODUCTION_PACKAGE 2\02_Targeted_Design_RnD\Requirements_Traceabillity.docx"
RES_MicroHydroV1_Integration_Log.docx,2,13254,1,"MicroHydroV1_Work\MasterIntegrated_Output\00_Admin\RES_MicroHydroV1_Integration_Log.docx","MicroHydroV1_Work\MasterIntegrated_Output\_stage\top\RES_MicroHydroV1_Integration_Log.docx"
Results_Intake_Template.xlsx,2,8460,1,"MICRO HYDRO NEW\MICRO HYDRO - OLD\RnD\MASTER_PRODUCTION_PACKAGE\New Folder With Items\11_Bench_Test_Pack\Results_Intake_Template.xlsx","MICRO HYDRO NEW\MICRO HYDRO - OLD\RnD\MASTER_PRODUCTION_PACKAGE 2\11_Bench_Test_Pack\Results_Intake_Template.xlsx"
RetainerCap_Sketch.dxf,2,469,2,"MICRO HYDRO NEW\MicroHydroV1_Shapr3D_ReferenceModel\DXF\RetainerCap_Sketch.dxf","MICRO HYDRO NEW\MicroHydroV1_Shapr3D_ReferenceModel_v2\DXF_R12\RetainerCap_Sketch.dxf"
run_closed_loop.py,2,2128,1,"MICRO HYDRO NEW\MicroHydroV1 — SoT\MicroHydroV1\tools\workflow\run_closed_loop.py","MicroHydroV1_Work\MasterIntegrated_Output\02_Canonical_Working_Tree\MicroHydroV1\tools\workflow\run_closed_loop.py"
Run_of_Show_Checklist.docx,8,37242,1,"MICRO HYDRO NEW\MICRO HYDRO - OLD\RnD\MASTER_PRODUCTION_PACKAGE\New Folder With Items\Run_of_Show_Checklist.docx","MICRO HYDRO NEW\MICRO HYDRO - OLD\RnD\MASTER_PRODUCTION_PACKAGE 2\Run_of_Show_Checklist.docx","MICRO HYDRO NEW\MicroHydroV1 — SoT\MicroHydroV1\docs\Run_of_Show_Checklist.docx","MICRO HYDRO NEW\MicroHydroV1 — SoT\MicroHydroV1_BACKUP_20260122_005746\docs\Run_of_Show_Checklist.docx","MicroHydroV1 — SoT\MicroHydroV1\docs\Run_of_Show_Checklist.docx","MicroHydroV1_Work\MasterIntegrated_Output\01_SharePoint_Libraries\MicroHydroV1 — SoT\MicroHydroV1\docs\Run_of_Show_Checklist.docx","MicroHydroV1_Work\MasterIntegrated_Output\02_Canonical_Working_Tree\MicroHydroV1\docs\Run_of_Show_Checklist.docx","MicroHydroV1_Work\MasterIntegrated_Output\_stage\top\MicroHydroV1 ΓÇö SoT\MicroHydroV1\docs\Run_of_Show_Checklist.docx"
run_pipeline.py,6,1830,1,"MICRO HYDRO NEW\MicroHydroV1 — SoT\MicroHydroV1\tools\run_pipeline.py","MICRO HYDRO NEW\MicroHydroV1 — SoT\MicroHydroV1_BACKUP_20260122_005746\tools\run_pipeline.py","MicroHydroV1 — SoT\MicroHydroV1\tools\run_pipeline.py","MicroHydroV1_Work\MasterIntegrated_Output\01_SharePoint_Libraries\MicroHydroV1 — SoT\MicroHydroV1\tools\run_pipeline.py","MicroHydroV1_Work\MasterIntegrated_Output\02_Canonical_Working_Tree\MicroHydroV1\tools\run_pipeline.py","MicroHydroV1_Work\MasterIntegrated_Output\_stage\top\MicroHydroV1 ΓÇö SoT\MicroHydroV1\tools\run_pipeline.py"
RUN2_Comapre_PhiWeights.docx,2,13200,1,"MICRO HYDRO NEW\MICRO HYDRO - OLD\RnD\MASTER_PRODUCTION_PACKAGE\New Folder With Items\14_Reports\RUN2_Comapre_PhiWeights.docx","MICRO HYDRO NEW\MICRO HYDRO - OLD\RnD\MASTER_PRODUCTION_PACKAGE 2\14_Reports\RUN2_Comapre_PhiWeights.docx"
RUN2_Summary.docx,2,13192,1,"MICRO HYDRO NEW\MICRO HYDRO - OLD\RnD\MASTER_PRODUCTION_PACKAGE\New Folder With Items\14_Reports\RUN2_Summary.docx","MICRO HYDRO NEW\MICRO HYDRO - OLD\RnD\MASTER_PRODUCTION_PACKAGE 2\14_Reports\RUN2_Summary.docx"
RUN3_Evidence_Template.docx,14,37555,1,"MICRO HYDRO NEW\MicroHydroV1 — SoT\MicroHydroV1\docs\addons\MicroHydroV1_RUN3_AutoFill_Evidence_PLUS_Workbook_v0.3.0\MicroHydroV1\docs\run3\RUN3_Evidence_Template.docx","MICRO HYDRO NEW\MicroHydroV1 — SoT\MicroHydroV1\docs\addons\MicroHydroV1_RUN3_AutoFill_Evidence_RUNID_BASELINE_v0.3.0\MicroHydroV1\docs\run3\RUN3_Evidence_Template.docx","MICRO HYDRO NEW\MicroHydroV1 — SoT\MicroHydroV1\docs\run3\RUN3_Evidence_Template.docx","MICRO HYDRO NEW\MicroHydroV1 — SoT\MicroHydroV1_BACKUP_20260122_005746\MicroHydroV1_RUN3_AutoFill_Evidence_PLUS_Workbook_v0.3.0\MicroHydroV1\docs\run3\RUN3_Evidence_Template.docx","MICRO HYDRO NEW\MicroHydroV1 — SoT\MicroHydroV1_BACKUP_20260122_005746\MicroHydroV1_RUN3_AutoFill_Evidence_RUNID_BASELINE_v0.3.0\MicroHydroV1\docs\run3\RUN3_Evidence_Template.docx","MicroHydroV1 — SoT\MicroHydroV1\MicroHydroV1_RUN3_AutoFill_Evidence_PLUS_Workbook_v0.3.0\MicroHydroV1\docs\run3\RUN3_Evidence_Template.docx","MicroHydroV1 — SoT\MicroHydroV1\MicroHydroV1_RUN3_AutoFill_Evidence_RUNID_BASELINE_v0.3.0\MicroHydroV1\docs\run3\RUN3_Evidence_Template.docx","MicroHydroV1_Work\MasterIntegrated_Output\01_SharePoint_Libraries\MicroHydroV1 — SoT\MicroHydroV1\MicroHydroV1_RUN3_AutoFill_Evidence_PLUS_Workbook_v0.3.0\MicroHydroV1\docs\run3\RUN3_Evidence_Template.docx","MicroHydroV1_Work\MasterIntegrated_Output\01_SharePoint_Libraries\MicroHydroV1 — SoT\MicroHydroV1\MicroHydroV1_RUN3_AutoFill_Evidence_RUNID_BASELINE_v0.3.0\MicroHydroV1\docs\run3\RUN3_Evidence_Template.docx","MicroHydroV1_Work\MasterIntegrated_Output\02_Canonical_Working_Tree\MicroHydroV1\docs\run3\RUN3_Evidence_Template.docx","MicroHydroV1_Work\MasterIntegrated_Output\02_Canonical_Working_Tree\MicroHydroV1\MicroHydroV1_RUN3_AutoFill_Evidence_PLUS_Workbook_v0.3.0\MicroHydroV1\docs\run3\RUN3_Evidence_Template.docx","MicroHydroV1_Work\MasterIntegrated_Output\02_Canonical_Working_Tree\MicroHydroV1\MicroHydroV1_RUN3_AutoFill_Evidence_RUNID_BASELINE_v0.3.0\MicroHydroV1\docs\run3\RUN3_Evidence_Template.docx","MicroHydroV1_Work\MasterIntegrated_Output\_stage\top\MicroHydroV1 ΓÇö SoT\MicroHydroV1\MicroHydroV1_RUN3_AutoFill_Evidence_PLUS_Workbook_v0.3.0\MicroHydroV1\docs\run3\RUN3_Evidence_Template.docx","MicroHydroV1_Work\MasterIntegrated_Output\_stage\top\MicroHydroV1 ΓÇö SoT\MicroHydroV1\MicroHydroV1_RUN3_AutoFill_Evidence_RUNID_BASELINE_v0.3.0\MicroHydroV1\docs\run3\RUN3_Evidence_Template.docx"
RUN3_Evidence_Template.md,2,1555,1,"MICRO HYDRO NEW\MicroHydroV1 — SoT\MicroHydroV1\docs\run3\RUN3_Evidence_Template.md","MicroHydroV1_Work\MasterIntegrated_Output\02_Canonical_Working_Tree\MicroHydroV1\docs\run3\RUN3_Evidence_Template.md"
RUN3_Operator_Card.md,2,1538,1,"MICRO HYDRO NEW\MicroHydroV1 — SoT\MicroHydroV1\docs\run3\RUN3_Operator_Card.md","MicroHydroV1_Work\MasterIntegrated_Output\02_Canonical_Working_Tree\MicroHydroV1\docs\run3\RUN3_Operator_Card.md"
Schauberger_Summaries.docx,2,13197,1,"MICRO HYDRO NEW\MICRO HYDRO - OLD\RnD\MASTER_PRODUCTION_PACKAGE\New Folder With Items\12_Patents\Schauberger_Summaries.docx","MICRO HYDRO NEW\MICRO HYDRO - OLD\RnD\MASTER_PRODUCTION_PACKAGE 2\12_Patents\Schauberger_Summaries.docx"
Shapr3D_Build_Guide.md,2,1163,2,"MICRO HYDRO NEW\MicroHydroV1_Shapr3D_ReferenceModel\Docs\Shapr3D_Build_Guide.md","MICRO HYDRO NEW\MicroHydroV1_Shapr3D_ReferenceModel_v2\Docs\Shapr3D_Build_Guide.md"
StageB_DataLog_Synthetic.csv,2,437,1,"MICRO HYDRO NEW\MICRO HYDRO - OLD\RnD\MASTER_PRODUCTION_PACKAGE\MicroHydroV1_CAD Archive\MicroHydroV1_Full_Package\StageB_DataLog_Synthetic.csv","MICRO HYDRO NEW\MICRO HYDRO - OLD\RnD\MASTER_PRODUCTION_PACKAGE 2\MicroHydroV1_\03_Data\intake_raw\StageB_DataLog_Synthetic.csv"
StageB_TestPlan.txt,2,162,1,"MICRO HYDRO NEW\MICRO HYDRO - OLD\RnD\MASTER_PRODUCTION_PACKAGE\New Folder With Items\14_Reports\StageB_TestPlan.txt","MICRO HYDRO NEW\MICRO HYDRO - OLD\RnD\MASTER_PRODUCTION_PACKAGE 2\14_Reports\StageB_TestPlan.txt"
Stakeholder_Presentation.pptx,2,3497974,1,"MICRO HYDRO NEW\MICRO HYDRO - OLD\RnD\MASTER_PRODUCTION_PACKAGE\New Folder With Items\Stakeholder_Presentation.pptx","MICRO HYDRO NEW\MICRO HYDRO - OLD\RnD\MASTER_PRODUCTION_PACKAGE 2\Stakeholder_Presentation.pptx"
Stakeholder_vNext.pptx,2,28302,1,"MICRO HYDRO NEW\MICRO HYDRO - OLD\RnD\MASTER_PRODUCTION_PACKAGE\MicroHydroV1_CAD Archive\MicroHydroV1_Full_Package\Stakeholder_vNext.pptx","MICRO HYDRO NEW\MICRO HYDRO - OLD\RnD\MASTER_PRODUCTION_PACKAGE 2\MicroHydroV1_\07_Docs\Documentation\Stakeholder_vNext.pptx"
STW_Design_Matrix_PASSB.docx,2,13203,1,"MICRO HYDRO NEW\MICRO HYDRO - OLD\RnD\MASTER_PRODUCTION_PACKAGE\New Folder With Items\02_Targeted_Design_RnD\STW_Design_Matrix_PASSB.docx","MICRO HYDRO NEW\MICRO HYDRO - OLD\RnD\MASTER_PRODUCTION_PACKAGE 2\02_Targeted_Design_RnD\STW_Design_Matrix_PASSB.docx"
STW_Design_vNext.docx,2,13199,1,"MICRO HYDRO NEW\MICRO HYDRO - OLD\RnD\MASTER_PRODUCTION_PACKAGE\New Folder With Items\02_Targeted_Design_RnD\STW_Design_vNext.docx","MICRO HYDRO NEW\MICRO HYDRO - OLD\RnD\MASTER_PRODUCTION_PACKAGE 2\02_Targeted_Design_RnD\STW_Design_vNext.docx"
STW_vNext_Matrix.docx,2,36689,1,"MICRO HYDRO NEW\MICRO HYDRO - OLD\RnD\MASTER_PRODUCTION_PACKAGE\MicroHydroV1_CAD Archive\MicroHydroV1_Full_Package\STW_vNext_Matrix.docx","MICRO HYDRO NEW\MICRO HYDRO - OLD\RnD\MASTER_PRODUCTION_PACKAGE 2\MicroHydroV1_\07_Docs\Documentation\STW_vNext_Matrix.docx"
System_Architecture.md.docx,2,13198,1,"MICRO HYDRO NEW\MICRO HYDRO - OLD\RnD\MASTER_PRODUCTION_PACKAGE\New Folder With Items\09_Intergrated_System_Modeling\System_Architecture.md.docx","MICRO HYDRO NEW\MICRO HYDRO - OLD\RnD\MASTER_PRODUCTION_PACKAGE 2\09_Intergrated_System_Modeling\System_Architecture.md.docx"
T001_JetCoherence_Run1.csv,9,320,2,"MICRO HYDRO NEW\MICRO HYDRO - OLD\RnD\MASTER_PRODUCTION_PACKAGE\MicroHydroV1_CAD Archive\MicroHydroV1_Full_Package\T001_JetCoherence_Run1.csv","MICRO HYDRO NEW\MICRO HYDRO - OLD\RnD\MASTER_PRODUCTION_PACKAGE\MicroHydroV1_CAD Archive\MicroHydroV1_FULL_Workspace\Tests\Data\Imported\T001_JetCoherence_Run1.csv","MICRO HYDRO NEW\MICRO HYDRO - OLD\RnD\MASTER_PRODUCTION_PACKAGE 2\MicroHydroV1_\03_Data\intake_raw\T001_JetCoherence_Run1.csv","MICRO HYDRO NEW\MicroHydroV1 — SoT\MicroHydroV1\tests\raw\2026-01-22_Run1_JetCoherence\T001_JetCoherence_Run1.csv","MICRO HYDRO NEW\MicroHydroV1 — SoT\MicroHydroV1_BACKUP_20260122_005746\tests\raw\2026-01-22_Run1_JetCoherence\T001_JetCoherence_Run1.csv","MicroHydroV1 — SoT\MicroHydroV1\tests\raw\2026-01-22_Run1_JetCoherence\T001_JetCoherence_Run1.csv","MicroHydroV1_Work\MasterIntegrated_Output\01_SharePoint_Libraries\MicroHydroV1 — SoT\MicroHydroV1\tests\raw\2026-01-22_Run1_JetCoherence\T001_JetCoherence_Run1.csv","MicroHydroV1_Work\MasterIntegrated_Output\02_Canonical_Working_Tree\MicroHydroV1\tests\raw\2026-01-22_Run1_JetCoherence\T001_JetCoherence_Run1.csv","MicroHydroV1_Work\MasterIntegrated_Output\_stage\top\MicroHydroV1 ΓÇö SoT\MicroHydroV1\tests\raw\2026-01-22_Run1_JetCoherence\T001_JetCoherence_Run1.csv"
T002_TankRipple_Run1.csv,9,277,2,"MICRO HYDRO NEW\MICRO HYDRO - OLD\RnD\MASTER_PRODUCTION_PACKAGE\MicroHydroV1_CAD Archive\MicroHydroV1_Full_Package\T002_TankRipple_Run1.csv","MICRO HYDRO NEW\MICRO HYDRO - OLD\RnD\MASTER_PRODUCTION_PACKAGE\MicroHydroV1_CAD Archive\MicroHydroV1_FULL_Workspace\Tests\Data\Imported\T002_TankRipple_Run1.csv","MICRO HYDRO NEW\MICRO HYDRO - OLD\RnD\MASTER_PRODUCTION_PACKAGE 2\MicroHydroV1_\03_Data\intake_raw\T002_TankRipple_Run1.csv","MICRO HYDRO NEW\MicroHydroV1 — SoT\MicroHydroV1\tests\raw\2026-01-22_Run1_TankRipple\T002_TankRipple_Run1.csv","MICRO HYDRO NEW\MicroHydroV1 — SoT\MicroHydroV1_BACKUP_20260122_005746\tests\raw\2026-01-22_Run1_TankRipple\T002_TankRipple_Run1.csv","MicroHydroV1 — SoT\MicroHydroV1\tests\raw\2026-01-22_Run1_TankRipple\T002_TankRipple_Run1.csv","MicroHydroV1_Work\MasterIntegrated_Output\01_SharePoint_Libraries\MicroHydroV1 — SoT\MicroHydroV1\tests\raw\2026-01-22_Run1_TankRipple\T002_TankRipple_Run1.csv","MicroHydroV1_Work\MasterIntegrated_Output\02_Canonical_Working_Tree\MicroHydroV1\tests\raw\2026-01-22_Run1_TankRipple\T002_TankRipple_Run1.csv","MicroHydroV1_Work\MasterIntegrated_Output\_stage\top\MicroHydroV1 ΓÇö SoT\MicroHydroV1\tests\raw\2026-01-22_Run1_TankRipple\T002_TankRipple_Run1.csv"
T002_TankRipple_TimeSeries_Template.csv,2,100,1,"MICRO HYDRO NEW\MicroHydroV1 — SoT\MicroHydroV1\docs\templates\T002_TankRipple_TimeSeries_Template.csv","MicroHydroV1_Work\MasterIntegrated_Output\02_Canonical_Working_Tree\MicroHydroV1\docs\templates\T002_TankRipple_TimeSeries_Template.csv"
T003_ELC_Frequency_TimeSeries_Template.csv,2,110,1,"MICRO HYDRO NEW\MicroHydroV1 — SoT\MicroHydroV1\docs\templates\T003_ELC_Frequency_TimeSeries_Template.csv","MicroHydroV1_Work\MasterIntegrated_Output\02_Canonical_Working_Tree\MicroHydroV1\docs\templates\T003_ELC_Frequency_TimeSeries_Template.csv"
T003_ELCStability_Run1.csv,9,312,2,"MICRO HYDRO NEW\MICRO HYDRO - OLD\RnD\MASTER_PRODUCTION_PACKAGE\MicroHydroV1_CAD Archive\MicroHydroV1_Full_Package\T003_ELCStability_Run1.csv","MICRO HYDRO NEW\MICRO HYDRO - OLD\RnD\MASTER_PRODUCTION_PACKAGE\MicroHydroV1_CAD Archive\MicroHydroV1_FULL_Workspace\Tests\Data\Imported\T003_ELCStability_Run1.csv","MICRO HYDRO NEW\MICRO HYDRO - OLD\RnD\MASTER_PRODUCTION_PACKAGE 2\MicroHydroV1_\03_Data\intake_raw\T003_ELCStability_Run1.csv","MICRO HYDRO NEW\MicroHydroV1 — SoT\MicroHydroV1\tests\raw\2026-01-22_Run1_ELCStability\T003_ELCStability_Run1.csv","MICRO HYDRO NEW\MicroHydroV1 — SoT\MicroHydroV1_BACKUP_20260122_005746\tests\raw\2026-01-22_Run1_ELCStability\T003_ELCStability_Run1.csv","MicroHydroV1 — SoT\MicroHydroV1\tests\raw\2026-01-22_Run1_ELCStability\T003_ELCStability_Run1.csv","MicroHydroV1_Work\MasterIntegrated_Output\01_SharePoint_Libraries\MicroHydroV1 — SoT\MicroHydroV1\tests\raw\2026-01-22_Run1_ELCStability\T003_ELCStability_Run1.csv","MicroHydroV1_Work\MasterIntegrated_Output\02_Canonical_Working_Tree\MicroHydroV1\tests\raw\2026-01-22_Run1_ELCStability\T003_ELCStability_Run1.csv","MicroHydroV1_Work\MasterIntegrated_Output\_stage\top\MicroHydroV1 ΓÇö SoT\MicroHydroV1\tests\raw\2026-01-22_Run1_ELCStability\T003_ELCStability_Run1.csv"
T004_Power_Run1.csv,9,264,2,"MICRO HYDRO NEW\MICRO HYDRO - OLD\RnD\MASTER_PRODUCTION_PACKAGE\MicroHydroV1_CAD Archive\MicroHydroV1_Full_Package\T004_Power_Run1.csv","MICRO HYDRO NEW\MICRO HYDRO - OLD\RnD\MASTER_PRODUCTION_PACKAGE\MicroHydroV1_CAD Archive\MicroHydroV1_FULL_Workspace\Tests\Data\Imported\T004_Power_Run1.csv","MICRO HYDRO NEW\MICRO HYDRO - OLD\RnD\MASTER_PRODUCTION_PACKAGE 2\MicroHydroV1_\03_Data\intake_raw\T004_Power_Run1.csv","MICRO HYDRO NEW\MicroHydroV1 — SoT\MicroHydroV1\tests\raw\2026-01-22_Run1_Power\T004_Power_Run1.csv","MICRO HYDRO NEW\MicroHydroV1 — SoT\MicroHydroV1_BACKUP_20260122_005746\tests\raw\2026-01-22_Run1_Power\T004_Power_Run1.csv","MicroHydroV1 — SoT\MicroHydroV1\tests\raw\2026-01-22_Run1_Power\T004_Power_Run1.csv","MicroHydroV1_Work\MasterIntegrated_Output\01_SharePoint_Libraries\MicroHydroV1 — SoT\MicroHydroV1\tests\raw\2026-01-22_Run1_Power\T004_Power_Run1.csv","MicroHydroV1_Work\MasterIntegrated_Output\02_Canonical_Working_Tree\MicroHydroV1\tests\raw\2026-01-22_Run1_Power\T004_Power_Run1.csv","MicroHydroV1_Work\MasterIntegrated_Output\_stage\top\MicroHydroV1 ΓÇö SoT\MicroHydroV1\tests\raw\2026-01-22_Run1_Power\T004_Power_Run1.csv"
TANK_Inlet_Comparison_RUN2.docx,2,13195,1,"MICRO HYDRO NEW\MICRO HYDRO - OLD\RnD\MASTER_PRODUCTION_PACKAGE\New Folder With Items\05_Tank_Hydraulics_Unit\TANK_Inlet_Comparison_RUN2.docx","MICRO HYDRO NEW\MICRO HYDRO - OLD\RnD\MASTER_PRODUCTION_PACKAGE 2\05_Tank_Hydraulics_Unit\TANK_Inlet_Comparison_RUN2.docx"
Tank_Ripple_Datasheet.xlsx,2,8473,1,"MICRO HYDRO NEW\MICRO HYDRO - OLD\RnD\MASTER_PRODUCTION_PACKAGE\New Folder With Items\11_Bench_Test_Pack\Tank_Ripple_Test\Tank_Ripple_Datasheet.xlsx","MICRO HYDRO NEW\MICRO HYDRO - OLD\RnD\MASTER_PRODUCTION_PACKAGE 2\11_Bench_Test_Pack\Tank_Ripple_Test\Tank_Ripple_Datasheet.xlsx"
TANK_Ripple_Model.xlsx,4,8466,2,"MICRO HYDRO NEW\MICRO HYDRO - OLD\RnD\MASTER_PRODUCTION_PACKAGE\New Folder With Items\04_Hydram_Research_Unit\TANK_Ripple_Model.xlsx","MICRO HYDRO NEW\MICRO HYDRO - OLD\RnD\MASTER_PRODUCTION_PACKAGE\New Folder With Items\05_Tank_Hydraulics_Unit\TANK_Ripple_Model.xlsx","MICRO HYDRO NEW\MICRO HYDRO - OLD\RnD\MASTER_PRODUCTION_PACKAGE 2\04_Hydram_Research_Unit\TANK_Ripple_Model.xlsx","MICRO HYDRO NEW\MICRO HYDRO - OLD\RnD\MASTER_PRODUCTION_PACKAGE 2\05_Tank_Hydraulics_Unit\TANK_Ripple_Model.xlsx"
Tank_Ripple_Procedure.docx,8,13200,1,"MICRO HYDRO NEW\MICRO HYDRO - OLD\RnD\MASTER_PRODUCTION_PACKAGE\New Folder With Items\11_Bench_Test_Pack\Tank_Ripple_Test\Tank_Ripple_Procedure.docx","MICRO HYDRO NEW\MICRO HYDRO - OLD\RnD\MASTER_PRODUCTION_PACKAGE 2\11_Bench_Test_Pack\Tank_Ripple_Test\Tank_Ripple_Procedure.docx","MICRO HYDRO NEW\MicroHydroV1 — SoT\MicroHydroV1\docs\Tank_Ripple_Procedure.docx","MICRO HYDRO NEW\MicroHydroV1 — SoT\MicroHydroV1_BACKUP_20260122_005746\docs\Tank_Ripple_Procedure.docx","MicroHydroV1 — SoT\MicroHydroV1\docs\Tank_Ripple_Procedure.docx","MicroHydroV1_Work\MasterIntegrated_Output\01_SharePoint_Libraries\MicroHydroV1 — SoT\MicroHydroV1\docs\Tank_Ripple_Procedure.docx","MicroHydroV1_Work\MasterIntegrated_Output\02_Canonical_Working_Tree\MicroHydroV1\docs\Tank_Ripple_Procedure.docx","MicroHydroV1_Work\MasterIntegrated_Output\_stage\top\MicroHydroV1 ΓÇö SoT\MicroHydroV1\docs\Tank_Ripple_Procedure.docx"
Tank_Ripple_Sensor_Mounting.svg.docx,2,13195,1,"MICRO HYDRO NEW\MICRO HYDRO - OLD\RnD\MASTER_PRODUCTION_PACKAGE\New Folder With Items\11_Bench_Test_Pack\Tank_Ripple_Test\Tank_Ripple_Sensor_Mounting.svg.docx","MICRO HYDRO NEW\MICRO HYDRO - OLD\RnD\MASTER_PRODUCTION_PACKAGE 2\11_Bench_Test_Pack\Tank_Ripple_Test\Tank_Ripple_Sensor_Mounting.svg.docx"
Tesla_Summaries.docx,2,13230,1,"MICRO HYDRO NEW\MICRO HYDRO - OLD\RnD\MASTER_PRODUCTION_PACKAGE\New Folder With Items\12_Patents\Tesla_Summaries.docx","MICRO HYDRO NEW\MICRO HYDRO - OLD\RnD\MASTER_PRODUCTION_PACKAGE 2\12_Patents\Tesla_Summaries.docx"
Test_Campaign_Plan.docx,8,37347,1,"MICRO HYDRO NEW\MICRO HYDRO - OLD\RnD\MASTER_PRODUCTION_PACKAGE\New Folder With Items\Test_Campaign_Plan.docx","MICRO HYDRO NEW\MICRO HYDRO - OLD\RnD\MASTER_PRODUCTION_PACKAGE 2\Test_Campaign_Plan.docx","MICRO HYDRO NEW\MicroHydroV1 — SoT\MicroHydroV1\docs\Test_Campaign_Plan.docx","MICRO HYDRO NEW\MicroHydroV1 — SoT\MicroHydroV1_BACKUP_20260122_005746\docs\Test_Campaign_Plan.docx","MicroHydroV1 — SoT\MicroHydroV1\docs\Test_Campaign_Plan.docx","MicroHydroV1_Work\MasterIntegrated_Output\01_SharePoint_Libraries\MicroHydroV1 — SoT\MicroHydroV1\docs\Test_Campaign_Plan.docx","MicroHydroV1_Work\MasterIntegrated_Output\02_Canonical_Working_Tree\MicroHydroV1\docs\Test_Campaign_Plan.docx","MicroHydroV1_Work\MasterIntegrated_Output\_stage\top\MicroHydroV1 ΓÇö SoT\MicroHydroV1\docs\Test_Campaign_Plan.docx"
validate_repo.py,7,610,3,"MICRO HYDRO NEW\MicroHydroV1\tools\validate\validate_repo.py","MICRO HYDRO NEW\MicroHydroV1 — SoT\MicroHydroV1\tools\validate\validate_repo.py","MICRO HYDRO NEW\MicroHydroV1 — SoT\MicroHydroV1_BACKUP_20260122_005746\tools\validate\validate_repo.py","MicroHydroV1 — SoT\MicroHydroV1\tools\validate\validate_repo.py","MicroHydroV1_Work\MasterIntegrated_Output\01_SharePoint_Libraries\MicroHydroV1 — SoT\MicroHydroV1\tools\validate\validate_repo.py","MicroHydroV1_Work\MasterIntegrated_Output\02_Canonical_Working_Tree\MicroHydroV1\tools\validate\validate_repo.py","MicroHydroV1_Work\MasterIntegrated_Output\_stage\top\MicroHydroV1 ΓÇö SoT\MicroHydroV1\tools\validate\validate_repo.py"
VanePack_Sketch_10deg.dxf,2,423,2,"MICRO HYDRO NEW\MicroHydroV1_Shapr3D_ReferenceModel\DXF\VanePack_Sketch_10deg.dxf","MICRO HYDRO NEW\MicroHydroV1_Shapr3D_ReferenceModel_v2\DXF_R12\VanePack_Sketch_10deg.dxf"
VanePack_Sketch_20deg.dxf,2,425,2,"MICRO HYDRO NEW\MicroHydroV1_Shapr3D_ReferenceModel\DXF\VanePack_Sketch_20deg.dxf","MICRO HYDRO NEW\MicroHydroV1_Shapr3D_ReferenceModel_v2\DXF_R12\VanePack_Sketch_20deg.dxf"
VanePack_Sketch_30deg.dxf,2,425,2,"MICRO HYDRO NEW\MicroHydroV1_Shapr3D_ReferenceModel\DXF\VanePack_Sketch_30deg.dxf","MICRO HYDRO NEW\MicroHydroV1_Shapr3D_ReferenceModel_v2\DXF_R12\VanePack_Sketch_30deg.dxf"
Winter_Summaries.docx,2,13243,1,"MICRO HYDRO NEW\MICRO HYDRO - OLD\RnD\MASTER_PRODUCTION_PACKAGE\New Folder With Items\12_Patents\Winter_Summaries.docx","MICRO HYDRO NEW\MICRO HYDRO - OLD\RnD\MASTER_PRODUCTION_PACKAGE 2\12_Patents\Winter_Summaries.docx"

